"post_title","post_name","ID","post_excerpt","post_content","post_status","menu_order","post_date","post_parent","comment_status","sku","downloadable","virtual","visibility","stock","stock_status","backorders","manage_stock","regular_price","sale_price","weight","length","width","height","tax_status","tax_class","upsell_ids","crosssell_ids","featured","sale_price_dates_from","sale_price_dates_to","file_path","file_paths","download_limit","download_expiry","product_url","button_text","meta:_yoast_wpseo_focuskw","meta:_yoast_wpseo_title","meta:_yoast_wpseo_metadesc","meta:_yoast_wpseo_metakeywords","images","tax:product_brand","tax:product_type","tax:product_cat","tax:product_tag","tax:product_shipping_class","meta:total_sales","attribute:pa_capacity","attribute_data:pa_capacity","attribute_default:pa_capacity","attribute:pa_color","attribute_data:pa_color","attribute_default:pa_color"
"Bodum Brazil Coffee Press 8 Cup","bodum-brazil-coffee-press-8-cup","1279","<p>Pellentesque habitant morbi tristique senectus et netus et malesuada fames ac turpis egestas. Vestibulum tortor quam, feugiat vitae, ultricies eget, tempor sit amet, ante. Donec eu libero sit amet quam egestas semper. Aenean ultricies mi vitae est. Mauris placerat eleifend leo.</p>","<p>Pellentesque habitant morbi tristique senectus et netus et malesuada fames ac turpis egestas. Vestibulum tortor quam, feugiat vitae, ultricies eget, tempor sit amet, ante. Donec eu libero sit amet quam egestas semper. Aenean ultricies mi vitae est. Mauris placerat eleifend leo. Quisque sit amet est et sapien ullamcorper pharetra. Vestibulum erat wisi, condimentum sed, commodo vitae, ornare sit amet, wisi. Aenean fermentum, elit eget tincidunt condimentum, eros ipsum rutrum orci, sagittis tempus lacus enim ac dui. Donec non enim in turpis pulvinar facilisis. Ut felis. Praesent dapibus, neque id cursus faucibus, tortor neque egestas augue, eu vulputate magna eros eu erat. Aliquam erat volutpat. Nam dui mi, tincidunt quis, accumsan porttitor, facilisis luctus, metus</p>","publish","0","2012-12-10 14:33:21","0","open","W027","no","no","visible","","instock","no","no","43","","","","","","taxable","","","","no","","","","","","","","","","","","","http://demo2.woothemes.com/superstore/files/2012/12/Bodum-Coffee-Press-1.jpg|http://demo2.woothemes.com/superstore/files/2012/12/Bodum-Coffee-Press-2.jpg|http://demo2.woothemes.com/superstore/files/2012/12/Bodum-Coffee-Press-3.jpg|http://demo2.woothemes.com/superstore/files/2012/12/Bodum-Coffee-Press-4.jpg","","simple","Coffee &amp; Tea|Coffee Plungers","","","0","","","","","",""
"Dualit Food XL1500 Processor","dualit-food-xl1500-processor","1280","<p>Pellentesque habitant morbi tristique senectus et netus et malesuada fames ac turpis egestas. Vestibulum tortor quam, feugiat vitae, ultricies eget, tempor sit amet, ante. Donec eu libero sit amet quam egestas semper. Aenean ultricies mi vitae est. Mauris placerat eleifend leo.</p>","<p>Pellentesque habitant morbi tristique senectus et netus et malesuada fames ac turpis egestas. Vestibulum tortor quam, feugiat vitae, ultricies eget, tempor sit amet, ante. Donec eu libero sit amet quam egestas semper. Aenean ultricies mi vitae est. Mauris placerat eleifend leo. Quisque sit amet est et sapien ullamcorper pharetra. Vestibulum erat wisi, condimentum sed, commodo vitae, ornare sit amet, wisi. Aenean fermentum, elit eget tincidunt condimentum, eros ipsum rutrum orci, sagittis tempus lacus enim ac dui. Donec non enim in turpis pulvinar facilisis. Ut felis. Praesent dapibus, neque id cursus faucibus, tortor neque egestas augue, eu vulputate magna eros eu erat. Aliquam erat volutpat. Nam dui mi, tincidunt quis, accumsan porttitor, facilisis luctus, metus</p>","publish","0","2012-12-10 14:33:40","0","open","W026","no","no","visible","","instock","no","no","560","","","","","","taxable","","","","no","","","","","","","","","","","","","http://demo2.woothemes.com/superstore/files/2012/12/Dualit-Food-Processor-1.jpg|http://demo2.woothemes.com/superstore/files/2012/12/Dualit-Food-Processor-2.png","","simple","Appliances|Food Processors","","","0","","","","","",""
"Eva Solo My Teapot","eva-solo-my-teapot","1281","<p>Pellentesque habitant morbi tristique senectus et netus et malesuada fames ac turpis egestas. Vestibulum tortor quam, feugiat vitae, ultricies eget, tempor sit amet, ante. Donec eu libero sit amet quam egestas semper. Aenean ultricies mi vitae est. Mauris placerat eleifend leo.</p>","<p>Pellentesque habitant morbi tristique senectus et netus et malesuada fames ac turpis egestas. Vestibulum tortor quam, feugiat vitae, ultricies eget, tempor sit amet, ante. Donec eu libero sit amet quam egestas semper. Aenean ultricies mi vitae est. Mauris placerat eleifend leo. Quisque sit amet est et sapien ullamcorper pharetra. Vestibulum erat wisi, condimentum sed, commodo vitae, ornare sit amet, wisi. Aenean fermentum, elit eget tincidunt condimentum, eros ipsum rutrum orci, sagittis tempus lacus enim ac dui. Donec non enim in turpis pulvinar facilisis. Ut felis. Praesent dapibus, neque id cursus faucibus, tortor neque egestas augue, eu vulputate magna eros eu erat. Aliquam erat volutpat. Nam dui mi, tincidunt quis, accumsan porttitor, facilisis luctus, metus</p>","publish","0","2012-12-10 14:33:51","0","open","W025","no","no","visible","","instock","no","no","","","","","","","taxable","","","","no","","","","","","","","","","","","","http://demo2.woothemes.com/superstore/files/2012/12/Eva-Solo-Teapot-1.jpg","","variable","Coffee &amp; Tea|Teamakers","","","0","","","","Black|White","1|0|1",""
"Kenwood kMix Manual Espresso Machine","kenwood-kmix-manual-espresso-machine","1282","<p>Pellentesque habitant morbi tristique senectus et netus et malesuada fames ac turpis egestas. Vestibulum tortor quam, feugiat vitae, ultricies eget, tempor sit amet, ante. Donec eu libero sit amet quam egestas semper. Aenean ultricies mi vitae est. Mauris placerat eleifend leo.</p>","<p>Pellentesque habitant morbi tristique senectus et netus et malesuada fames ac turpis egestas. Vestibulum tortor quam, feugiat vitae, ultricies eget, tempor sit amet, ante. Donec eu libero sit amet quam egestas semper. Aenean ultricies mi vitae est. Mauris placerat eleifend leo. Quisque sit amet est et sapien ullamcorper pharetra. Vestibulum erat wisi, condimentum sed, commodo vitae, ornare sit amet, wisi. Aenean fermentum, elit eget tincidunt condimentum, eros ipsum rutrum orci, sagittis tempus lacus enim ac dui. Donec non enim in turpis pulvinar facilisis. Ut felis. Praesent dapibus, neque id cursus faucibus, tortor neque egestas augue, eu vulputate magna eros eu erat. Aliquam erat volutpat. Nam dui mi, tincidunt quis, accumsan porttitor, facilisis luctus, metus</p>","publish","0","2012-12-10 14:34:04","0","open","W024","no","no","visible","","instock","no","no","","","","","","","taxable","","1285","","no","","","","","","","","","","","","","http://demo2.woothemes.com/superstore/files/2012/12/Kenwood-Espresso-Machine-4.jpg","","variable","Coffee &amp; Tea|Manual Espresso Machines","","","0","","","","Black|Red","1|0|1",""
"Kenwood kMix Two Slice Toaster","kenwood-kmix-two-slice-toaster","1283","<p>Pellentesque habitant morbi tristique senectus et netus et malesuada fames ac turpis egestas. Vestibulum tortor quam, feugiat vitae, ultricies eget, tempor sit amet, ante. Donec eu libero sit amet quam egestas semper. Aenean ultricies mi vitae est. Mauris placerat eleifend leo.</p>","<p>Pellentesque habitant morbi tristique senectus et netus et malesuada fames ac turpis egestas. Vestibulum tortor quam, feugiat vitae, ultricies eget, tempor sit amet, ante. Donec eu libero sit amet quam egestas semper. Aenean ultricies mi vitae est. Mauris placerat eleifend leo. Quisque sit amet est et sapien ullamcorper pharetra. Vestibulum erat wisi, condimentum sed, commodo vitae, ornare sit amet, wisi. Aenean fermentum, elit eget tincidunt condimentum, eros ipsum rutrum orci, sagittis tempus lacus enim ac dui. Donec non enim in turpis pulvinar facilisis. Ut felis. Praesent dapibus, neque id cursus faucibus, tortor neque egestas augue, eu vulputate magna eros eu erat. Aliquam erat volutpat. Nam dui mi, tincidunt quis, accumsan porttitor, facilisis luctus, metus</p>","publish","0","2012-12-10 14:34:16","0","open","W023","no","no","visible","","instock","no","no","","","","","","","taxable","","","","yes","","","","","","","","","","","","","http://demo2.woothemes.com/superstore/files/2012/12/Kenwood-Toaster-6.jpg|http://demo2.woothemes.com/superstore/files/2012/12/Kenwood-Toaster-11.jpg|http://demo2.woothemes.com/superstore/files/2012/12/Kenwood-Toaster-21.jpg|http://demo2.woothemes.com/superstore/files/2012/12/Kenwood-Toaster-31.jpg|http://demo2.woothemes.com/superstore/files/2012/12/Kenwood-Toaster-41.jpg|http://demo2.woothemes.com/superstore/files/2012/12/Kenwood-Toaster-51.jpg","","variable","Appliances|Toasters","","","0","","","","Black|Blue|Green|Orange|Red|Yellow","1|1|1",""
"Kitchen Craft Home Made Glass Terrine Jars","kitchen-craft-home-made-glass-terrine-jars","1284","<p>Pellentesque habitant morbi tristique senectus et netus et malesuada fames ac turpis egestas. Vestibulum tortor quam, feugiat vitae, ultricies eget, tempor sit amet, ante. Donec eu libero sit amet quam egestas semper. Aenean ultricies mi vitae est. Mauris placerat eleifend leo.</p>","<p>Pellentesque habitant morbi tristique senectus et netus et malesuada fames ac turpis egestas. Vestibulum tortor quam, feugiat vitae, ultricies eget, tempor sit amet, ante. Donec eu libero sit amet quam egestas semper. Aenean ultricies mi vitae est. Mauris placerat eleifend leo. Quisque sit amet est et sapien ullamcorper pharetra. Vestibulum erat wisi, condimentum sed, commodo vitae, ornare sit amet, wisi. Aenean fermentum, elit eget tincidunt condimentum, eros ipsum rutrum orci, sagittis tempus lacus enim ac dui. Donec non enim in turpis pulvinar facilisis. Ut felis. Praesent dapibus, neque id cursus faucibus, tortor neque egestas augue, eu vulputate magna eros eu erat. Aliquam erat volutpat. Nam dui mi, tincidunt quis, accumsan porttitor, facilisis luctus, metus</p>","publish","0","2012-12-10 14:34:36","0","open","W022","no","no","visible","","instock","no","no","","","","","","","taxable","","","","no","","","","","","","","","","","","","http://demo2.woothemes.com/superstore/files/2012/12/Kitchen-Craft-Jar-1.jpg|http://demo2.woothemes.com/superstore/files/2012/12/Kitchen-Craft-Jar-2.jpg|http://demo2.woothemes.com/superstore/files/2012/12/Kitchen-Craft-Jar-3.jpg|http://demo2.woothemes.com/superstore/files/2012/12/Kitchen-Craft-Jar-4.jpg","","variable","Canning &amp; Preserving|Tools","","","0","125ml|200ml|350ml","1|1|1","125ml","","",""
"KitchenAid Artisan Espresso Machine","kitchenaid-artisan-espresso-machine","1285","<p>Pellentesque habitant morbi tristique senectus et netus et malesuada fames ac turpis egestas. Vestibulum tortor quam, feugiat vitae, ultricies eget, tempor sit amet, ante. Donec eu libero sit amet quam egestas semper. Aenean ultricies mi vitae est. Mauris placerat eleifend leo.</p>","<p>Pellentesque habitant morbi tristique senectus et netus et malesuada fames ac turpis egestas. Vestibulum tortor quam, feugiat vitae, ultricies eget, tempor sit amet, ante. Donec eu libero sit amet quam egestas semper. Aenean ultricies mi vitae est. Mauris placerat eleifend leo. Quisque sit amet est et sapien ullamcorper pharetra. Vestibulum erat wisi, condimentum sed, commodo vitae, ornare sit amet, wisi. Aenean fermentum, elit eget tincidunt condimentum, eros ipsum rutrum orci, sagittis tempus lacus enim ac dui. Donec non enim in turpis pulvinar facilisis. Ut felis. Praesent dapibus, neque id cursus faucibus, tortor neque egestas augue, eu vulputate magna eros eu erat. Aliquam erat volutpat. Nam dui mi, tincidunt quis, accumsan porttitor, facilisis luctus, metus</p>","publish","0","2012-12-10 14:34:50","0","open","W021","no","no","visible","","instock","no","no","1140","","","","","","taxable","","","","yes","","","","","","","","","","","","","http://demo2.woothemes.com/superstore/files/2012/12/KitchenAid-Espresso-Machine-1.jpg|http://demo2.woothemes.com/superstore/files/2012/12/KitchenAid-Espresso-Machine-2.jpg|http://demo2.woothemes.com/superstore/files/2012/12/KitchenAid-Espresso-Machine-3.jpg|http://demo2.woothemes.com/superstore/files/2012/12/KitchenAid-Espresso-Machine-4.jpg","","simple","Coffee &amp; Tea|Manual Espresso Machines","","","0","","","","","",""
"KitchenAid Artisan Stand Mixer","kitchenaid-artisan-stand-mixer","1286","<p>Pellentesque habitant morbi tristique senectus et netus et malesuada fames ac turpis egestas. Vestibulum tortor quam, feugiat vitae, ultricies eget, tempor sit amet, ante. Donec eu libero sit amet quam egestas semper. Aenean ultricies mi vitae est. Mauris placerat eleifend leo.</p>","<p>Pellentesque habitant morbi tristique senectus et netus et malesuada fames ac turpis egestas. Vestibulum tortor quam, feugiat vitae, ultricies eget, tempor sit amet, ante. Donec eu libero sit amet quam egestas semper. Aenean ultricies mi vitae est. Mauris placerat eleifend leo. Quisque sit amet est et sapien ullamcorper pharetra. Vestibulum erat wisi, condimentum sed, commodo vitae, ornare sit amet, wisi. Aenean fermentum, elit eget tincidunt condimentum, eros ipsum rutrum orci, sagittis tempus lacus enim ac dui. Donec non enim in turpis pulvinar facilisis. Ut felis. Praesent dapibus, neque id cursus faucibus, tortor neque egestas augue, eu vulputate magna eros eu erat. Aliquam erat volutpat. Nam dui mi, tincidunt quis, accumsan porttitor, facilisis luctus, metus</p>","publish","0","2012-12-10 14:36:22","0","open","W020","no","no","visible","","instock","no","no","39","","","","","","taxable","","","","no","","","","","","","","","","","","","http://demo2.woothemes.com/superstore/files/2012/12/KitchenAid-Stand-Mixer-1.jpg|http://demo2.woothemes.com/superstore/files/2012/12/KitchenAid-Stand-Mixer-2.jpg|http://demo2.woothemes.com/superstore/files/2012/12/KitchenAid-Stand-Mixer-3.jpg|http://demo2.woothemes.com/superstore/files/2012/12/KitchenAid-Stand-Mixer-4.jpg|http://demo2.woothemes.com/superstore/files/2012/12/KitchenAid-Stand-Mixer-5.jpg|http://demo2.woothemes.com/superstore/files/2012/12/KitchenAid-Stand-Mixer-6.jpg|http://demo2.woothemes.com/superstore/files/2012/12/KitchenAid-Stand-Mixer-7.jpg","","simple","Appliances|Mixers &amp; Attachments","","","0","","","","","",""
"KitchenAid Waffle Maker","kitchenaid-waffle-maker","1287","<p>Pellentesque habitant morbi tristique senectus et netus et malesuada fames ac turpis egestas. Vestibulum tortor quam, feugiat vitae, ultricies eget, tempor sit amet, ante. Donec eu libero sit amet quam egestas semper. Aenean ultricies mi vitae est. Mauris placerat eleifend leo.</p>","<p>Pellentesque habitant morbi tristique senectus et netus et malesuada fames ac turpis egestas. Vestibulum tortor quam, feugiat vitae, ultricies eget, tempor sit amet, ante. Donec eu libero sit amet quam egestas semper. Aenean ultricies mi vitae est. Mauris placerat eleifend leo. Quisque sit amet est et sapien ullamcorper pharetra. Vestibulum erat wisi, condimentum sed, commodo vitae, ornare sit amet, wisi. Aenean fermentum, elit eget tincidunt condimentum, eros ipsum rutrum orci, sagittis tempus lacus enim ac dui. Donec non enim in turpis pulvinar facilisis. Ut felis. Praesent dapibus, neque id cursus faucibus, tortor neque egestas augue, eu vulputate magna eros eu erat. Aliquam erat volutpat. Nam dui mi, tincidunt quis, accumsan porttitor, facilisis luctus, metus</p>","publish","0","2012-12-10 14:37:05","0","open","W019","no","no","visible","","instock","no","no","515","","","","","","taxable","","","","no","","","","","","","","","","","","","http://demo2.woothemes.com/superstore/files/2012/12/KitchenAid-Waffle-Maker-1.jpg|http://demo2.woothemes.com/superstore/files/2012/12/KitchenAid-Waffle-Maker-2.jpg|http://demo2.woothemes.com/superstore/files/2012/12/KitchenAid-Waffle-Maker-3.jpg","","simple","Appliances|Speciality","","","0","","","","","",""
"Krups IceCream Maker","krups-icecream-maker","1288","<p>Pellentesque habitant morbi tristique senectus et netus et malesuada fames ac turpis egestas. Vestibulum tortor quam, feugiat vitae, ultricies eget, tempor sit amet, ante. Donec eu libero sit amet quam egestas semper. Aenean ultricies mi vitae est. Mauris placerat eleifend leo.</p>","<p>Pellentesque habitant morbi tristique senectus et netus et malesuada fames ac turpis egestas. Vestibulum tortor quam, feugiat vitae, ultricies eget, tempor sit amet, ante. Donec eu libero sit amet quam egestas semper. Aenean ultricies mi vitae est. Mauris placerat eleifend leo. Quisque sit amet est et sapien ullamcorper pharetra. Vestibulum erat wisi, condimentum sed, commodo vitae, ornare sit amet, wisi. Aenean fermentum, elit eget tincidunt condimentum, eros ipsum rutrum orci, sagittis tempus lacus enim ac dui. Donec non enim in turpis pulvinar facilisis. Ut felis. Praesent dapibus, neque id cursus faucibus, tortor neque egestas augue, eu vulputate magna eros eu erat. Aliquam erat volutpat. Nam dui mi, tincidunt quis, accumsan porttitor, facilisis luctus, metus</p>","publish","0","2012-12-10 14:37:37","0","open","W018","no","no","visible","","instock","no","no","85","","","","","","taxable","","","","no","","","","","","","","","","","","","http://demo2.woothemes.com/superstore/files/2012/12/Krups-Ice-Cream-Maker-2.jpg|http://demo2.woothemes.com/superstore/files/2012/12/Krups-Ice-Cream-Maker-1.jpg|http://demo2.woothemes.com/superstore/files/2012/12/Krups-Ice-Cream-Maker-3.jpg","","simple","Appliances|Speciality","","","0","","","","","",""
"Le Creuset 26cm Round Cocotte","le-creuset-26cm-round-cocotte","1289","<p>Pellentesque habitant morbi tristique senectus et netus et malesuada fames ac turpis egestas. Vestibulum tortor quam, feugiat vitae, ultricies eget, tempor sit amet, ante. Donec eu libero sit amet quam egestas semper. Aenean ultricies mi vitae est. Mauris placerat eleifend leo.</p>","<p>Pellentesque habitant morbi tristique senectus et netus et malesuada fames ac turpis egestas. Vestibulum tortor quam, feugiat vitae, ultricies eget, tempor sit amet, ante. Donec eu libero sit amet quam egestas semper. Aenean ultricies mi vitae est. Mauris placerat eleifend leo. Quisque sit amet est et sapien ullamcorper pharetra. Vestibulum erat wisi, condimentum sed, commodo vitae, ornare sit amet, wisi. Aenean fermentum, elit eget tincidunt condimentum, eros ipsum rutrum orci, sagittis tempus lacus enim ac dui. Donec non enim in turpis pulvinar facilisis. Ut felis. Praesent dapibus, neque id cursus faucibus, tortor neque egestas augue, eu vulputate magna eros eu erat. Aliquam erat volutpat. Nam dui mi, tincidunt quis, accumsan porttitor, facilisis luctus, metus</p>","publish","0","2012-12-10 14:38:32","0","open","W017","no","no","visible","","instock","no","no","229","","","","","","taxable","","","","no","","","","","","","","","","","","","http://demo2.woothemes.com/superstore/files/2012/12/Le-Creuset-Cocotte-1.jpg|http://demo2.woothemes.com/superstore/files/2012/12/Le-Creuset-Cocotte-2.jpg|http://demo2.woothemes.com/superstore/files/2012/12/Le-Creuset-Cocotte-3.jpg|http://demo2.woothemes.com/superstore/files/2012/12/Le-Creuset-Cocotte-4.jpg","","simple","Casseroles &amp; Cocottes|Cookware","","","0","","","","","",""
"Le Creuset Traditional Stovetop Kettle","le-creuset-traditional-stovetop-kettle","1296","<p>Pellentesque habitant morbi tristique senectus et netus et malesuada fames ac turpis egestas. Vestibulum tortor quam, feugiat vitae, ultricies eget, tempor sit amet, ante. Donec eu libero sit amet quam egestas semper. Aenean ultricies mi vitae est. Mauris placerat eleifend leo.</p>","<p>Pellentesque habitant morbi tristique senectus et netus et malesuada fames ac turpis egestas. Vestibulum tortor quam, feugiat vitae, ultricies eget, tempor sit amet, ante. Donec eu libero sit amet quam egestas semper. Aenean ultricies mi vitae est. Mauris placerat eleifend leo. Quisque sit amet est et sapien ullamcorper pharetra. Vestibulum erat wisi, condimentum sed, commodo vitae, ornare sit amet, wisi. Aenean fermentum, elit eget tincidunt condimentum, eros ipsum rutrum orci, sagittis tempus lacus enim ac dui. Donec non enim in turpis pulvinar facilisis. Ut felis. Praesent dapibus, neque id cursus faucibus, tortor neque egestas augue, eu vulputate magna eros eu erat. Aliquam erat volutpat. Nam dui mi, tincidunt quis, accumsan porttitor, facilisis luctus, metus</p>","publish","0","2012-12-10 14:39:13","0","open","W016","no","no","visible","","instock","no","no","80","","","","","","taxable","","1325","","yes","","","","","","","","","","","","","http://demo2.woothemes.com/superstore/files/2012/12/Le-Creuset-Kettle-1.jpg|http://demo2.woothemes.com/superstore/files/2012/12/Le-Creuset-Kettle-2.jpg|http://demo2.woothemes.com/superstore/files/2012/12/Le-Creuset-Kettle-3.jpg|http://demo2.woothemes.com/superstore/files/2012/12/Le-Creuset-Kettle-4.jpg|http://demo2.woothemes.com/superstore/files/2012/12/Le-Creuset-Kettle-5.jpg","","simple","Cookware|Stovetop Kettles","","","0","","","","","",""
"Le Creuset Toughened Non Stick Shallow Frying Pan","le-creuset-toughened-non-stick-shallow-frying-pan","1297","<p>Pellentesque habitant morbi tristique senectus et netus et malesuada fames ac turpis egestas. Vestibulum tortor quam, feugiat vitae, ultricies eget, tempor sit amet, ante. Donec eu libero sit amet quam egestas semper. Aenean ultricies mi vitae est. Mauris placerat eleifend leo.</p>","<p>Pellentesque habitant morbi tristique senectus et netus et malesuada fames ac turpis egestas. Vestibulum tortor quam, feugiat vitae, ultricies eget, tempor sit amet, ante. Donec eu libero sit amet quam egestas semper. Aenean ultricies mi vitae est. Mauris placerat eleifend leo. Quisque sit amet est et sapien ullamcorper pharetra. Vestibulum erat wisi, condimentum sed, commodo vitae, ornare sit amet, wisi. Aenean fermentum, elit eget tincidunt condimentum, eros ipsum rutrum orci, sagittis tempus lacus enim ac dui. Donec non enim in turpis pulvinar facilisis. Ut felis. Praesent dapibus, neque id cursus faucibus, tortor neque egestas augue, eu vulputate magna eros eu erat. Aliquam erat volutpat. Nam dui mi, tincidunt quis, accumsan porttitor, facilisis luctus, metus</p>","publish","0","2012-12-10 14:40:13","0","open","W015","no","no","visible","","instock","no","no","52","","","","","","taxable","","","","no","","","","","","","","","","","","","http://demo2.woothemes.com/superstore/files/2012/12/Le-Creuset-Frying-Pan-1.jpg|http://demo2.woothemes.com/superstore/files/2012/12/Le-Creuset-Frying-Pan-2.jpg|http://demo2.woothemes.com/superstore/files/2012/12/Le-Creuset-Frying-Pan-3.jpg|http://demo2.woothemes.com/superstore/files/2012/12/Le-Creuset-Frying-Pan-4.jpg","","simple","Cookware|Frying Pans &amp; Saute Pans","","","0","","","","","",""
"Master Class Biscuit and Icing Set","master-class-biscuit-and-icing-set","1298","<p>Pellentesque habitant morbi tristique senectus et netus et malesuada fames ac turpis egestas. Vestibulum tortor quam, feugiat vitae, ultricies eget, tempor sit amet, ante. Donec eu libero sit amet quam egestas semper. Aenean ultricies mi vitae est. Mauris placerat eleifend leo.</p>","<p>Pellentesque habitant morbi tristique senectus et netus et malesuada fames ac turpis egestas. Vestibulum tortor quam, feugiat vitae, ultricies eget, tempor sit amet, ante. Donec eu libero sit amet quam egestas semper. Aenean ultricies mi vitae est. Mauris placerat eleifend leo. Quisque sit amet est et sapien ullamcorper pharetra. Vestibulum erat wisi, condimentum sed, commodo vitae, ornare sit amet, wisi. Aenean fermentum, elit eget tincidunt condimentum, eros ipsum rutrum orci, sagittis tempus lacus enim ac dui. Donec non enim in turpis pulvinar facilisis. Ut felis. Praesent dapibus, neque id cursus faucibus, tortor neque egestas augue, eu vulputate magna eros eu erat. Aliquam erat volutpat. Nam dui mi, tincidunt quis, accumsan porttitor, facilisis luctus, metus</p>","publish","0","2012-12-10 14:41:30","0","open","W014","no","no","visible","","instock","no","no","51","","","","","","taxable","","","","no","","","","","","","","","","","","","http://demo2.woothemes.com/superstore/files/2012/12/Master-Class-Icing-Set-1.jpg|http://demo2.woothemes.com/superstore/files/2012/12/Master-Class-Icing-Set-2.jpg|http://demo2.woothemes.com/superstore/files/2012/12/Master-Class-Icing-Set-3.jpg|http://demo2.woothemes.com/superstore/files/2012/12/Master-Class-Icing-Set-4.jpg|http://demo2.woothemes.com/superstore/files/2012/12/Master-Class-Icing-Set-5.jpg","","simple","Bakeware|Cake Decorating Tools &amp; Sets","","","0","","","","","",""
"Wusthof Ikon 9 Piece Knife Block Set","wusthof-ikon-9-piece-knife-block-set","1299","<p>Pellentesque habitant morbi tristique senectus et netus et malesuada fames ac turpis egestas. Vestibulum tortor quam, feugiat vitae, ultricies eget, tempor sit amet, ante. Donec eu libero sit amet quam egestas semper. Aenean ultricies mi vitae est. Mauris placerat eleifend leo.</p>","<p>Pellentesque habitant morbi tristique senectus et netus et malesuada fames ac turpis egestas. Vestibulum tortor quam, feugiat vitae, ultricies eget, tempor sit amet, ante. Donec eu libero sit amet quam egestas semper. Aenean ultricies mi vitae est. Mauris placerat eleifend leo. Quisque sit amet est et sapien ullamcorper pharetra. Vestibulum erat wisi, condimentum sed, commodo vitae, ornare sit amet, wisi. Aenean fermentum, elit eget tincidunt condimentum, eros ipsum rutrum orci, sagittis tempus lacus enim ac dui. Donec non enim in turpis pulvinar facilisis. Ut felis. Praesent dapibus, neque id cursus faucibus, tortor neque egestas augue, eu vulputate magna eros eu erat. Aliquam erat volutpat. Nam dui mi, tincidunt quis, accumsan porttitor, facilisis luctus, metus</p>","publish","0","2012-12-10 14:53:43","0","open","W008","no","no","visible","","instock","no","no","1150","","","","","","taxable","","","","no","","","","","","","","","","","","","http://demo2.woothemes.com/superstore/files/2012/12/Wusthof-Knife-Set-1.jpg|http://demo2.woothemes.com/superstore/files/2012/12/Wusthof-Knife-Set-2.jpg|http://demo2.woothemes.com/superstore/files/2012/12/Wusthof-Knife-Set-3.jpg|http://demo2.woothemes.com/superstore/files/2012/12/Wusthof-Knife-Set-4.jpg|http://demo2.woothemes.com/superstore/files/2012/12/Wusthof-Knife-Set-5.jpg|http://demo2.woothemes.com/superstore/files/2012/12/Wusthof-Knife-Set-6.jpg|http://demo2.woothemes.com/superstore/files/2012/12/Wusthof-Knife-Set-7.jpg|http://demo2.woothemes.com/superstore/files/2012/12/Wusthof-Knife-Set-8.jpg|http://demo2.woothemes.com/superstore/files/2012/12/Wusthof-Knife-Set-9.jpg|http://demo2.woothemes.com/superstore/files/2012/12/Wusthof-Knife-Set-10.jpg","","simple","Knife Sets|Knives","","","0","","","","","",""
"Zoku TrioQuick Pop Maker","zoku-trioquick-pop-maker","1300","<p>Pellentesque habitant morbi tristique senectus et netus et malesuada fames ac turpis egestas. Vestibulum tortor quam, feugiat vitae, ultricies eget, tempor sit amet, ante. Donec eu libero sit amet quam egestas semper. Aenean ultricies mi vitae est. Mauris placerat eleifend leo.</p>","<p>Pellentesque habitant morbi tristique senectus et netus et malesuada fames ac turpis egestas. Vestibulum tortor quam, feugiat vitae, ultricies eget, tempor sit amet, ante. Donec eu libero sit amet quam egestas semper. Aenean ultricies mi vitae est. Mauris placerat eleifend leo. Quisque sit amet est et sapien ullamcorper pharetra. Vestibulum erat wisi, condimentum sed, commodo vitae, ornare sit amet, wisi. Aenean fermentum, elit eget tincidunt condimentum, eros ipsum rutrum orci, sagittis tempus lacus enim ac dui. Donec non enim in turpis pulvinar facilisis. Ut felis. Praesent dapibus, neque id cursus faucibus, tortor neque egestas augue, eu vulputate magna eros eu erat. Aliquam erat volutpat. Nam dui mi, tincidunt quis, accumsan porttitor, facilisis luctus, metus</p>","publish","0","2012-12-10 14:54:26","0","open","W007","no","no","visible","","instock","no","no","29","","","","","","taxable","","","","no","","","","","","","","","","","","","http://demo2.woothemes.com/superstore/files/2012/12/Zoku-Quick-Pop-Maker-1.jpg|http://demo2.woothemes.com/superstore/files/2012/12/Zoku-Quick-Pop-Maker-2.jpg|http://demo2.woothemes.com/superstore/files/2012/12/Zoku-Quick-Pop-Maker-3.jpg|http://demo2.woothemes.com/superstore/files/2012/12/Zoku-Quick-Pop-Maker-4.jpg","","simple","Kids|Kids Gadgets","","","0","","","","","",""
"Pink Salt","pink-salt","1301","","","publish","0","2012-12-10 15:34:48","1326","open","W006","no","no","hidden","","instock","no","no","3","","","","","","taxable","","","","no","","","","","","","","","","","","","","","simple","","","","0","","","","","",""
"Smoked Salt","smoked-salt","1302","","","publish","0","2012-12-10 15:35:24","1326","open","W005","no","no","hidden","","instock","no","no","3","","","","","","taxable","","","","no","","","","","","","","","","","","","","","simple","","","","0","","","","","",""
"One-for-all","one-for-all","1303","","","publish","0","2012-12-10 15:35:46","1326","open","W004","no","no","hidden","","instock","no","no","3","","","","","","taxable","","","","no","","","","","","","","","","","","","","","simple","","","","0","","","","","",""
"Rainbow Salt","rainbow-salt","1304","","","publish","0","2012-12-10 15:36:16","1326","open","W003","no","no","hidden","","instock","no","no","3","","","","","","taxable","","","","no","","","","","","","","","","","","","","","simple","","","","0","","","","","",""
"Sea Salt","sea-salt","1305","","","publish","0","2012-12-10 15:36:36","1326","open","W002","no","no","hidden","","instock","no","no","3","","","","","","taxable","","","","no","","","","","","","","","","","","","","","simple","","","","0","","","","","",""
"Spicy Chilli","spicy-chilli","1306","","","publish","0","2012-12-10 15:36:53","1326","open","W001","no","no","hidden","","instock","no","no","3","","","","","","taxable","","","","no","","","","","","","","","","","","","","","simple","","","","0","","","","","",""
"Morphy Richards Colour Accents Pyramid Cordless Kettle 1.5-litres","morphy-richards-colour-accents-pyramid-cordless-kettle-1-5-litres","1325","<p>Pellentesque habitant morbi tristique senectus et netus et malesuada fames ac turpis egestas. Vestibulum tortor quam, feugiat vitae, ultricies eget, tempor sit amet, ante. Donec eu libero sit amet quam egestas semper. Aenean ultricies mi vitae est. Mauris placerat eleifend leo.</p>","<p>Pellentesque habitant morbi tristique senectus et netus et malesuada fames ac turpis egestas. Vestibulum tortor quam, feugiat vitae, ultricies eget, tempor sit amet, ante. Donec eu libero sit amet quam egestas semper. Aenean ultricies mi vitae est. Mauris placerat eleifend leo. Quisque sit amet est et sapien ullamcorper pharetra. Vestibulum erat wisi, condimentum sed, commodo vitae, ornare sit amet, wisi. Aenean fermentum, elit eget tincidunt condimentum, eros ipsum rutrum orci, sagittis tempus lacus enim ac dui. Donec non enim in turpis pulvinar facilisis. Ut felis. Praesent dapibus, neque id cursus faucibus, tortor neque egestas augue, eu vulputate magna eros eu erat. Aliquam erat volutpat. Nam dui mi, tincidunt quis, accumsan porttitor, facilisis luctus, metus</p>","publish","0","2012-12-10 14:42:12","0","open","W013","no","no","visible","","instock","no","no","115","","","","","","taxable","","","","no","","","","","","","","","","","","","http://demo2.woothemes.com/superstore/files/2012/12/Morphy-Richards-Kettle-1.jpg|http://demo2.woothemes.com/superstore/files/2012/12/Morphy-Richards-Kettle-2.jpg|http://demo2.woothemes.com/superstore/files/2012/12/Morphy-Richards-Kettle-3.jpg|http://demo2.woothemes.com/superstore/files/2012/12/Morphy-Richards-Kettle-4.jpg","","simple","Appliances|Electric Kettles","","","0","","","","","",""
"NoMU Salt Pepper and Spice Grinders","nomu-salt-pepper-and-spice-grinders","1326","<p>Pellentesque habitant morbi tristique senectus et netus et malesuada fames ac turpis egestas. Vestibulum tortor quam, feugiat vitae, ultricies eget, tempor sit amet, ante. Donec eu libero sit amet quam egestas semper. Aenean ultricies mi vitae est. Mauris placerat eleifend leo.</p>","<p>Pellentesque habitant morbi tristique senectus et netus et malesuada fames ac turpis egestas. Vestibulum tortor quam, feugiat vitae, ultricies eget, tempor sit amet, ante. Donec eu libero sit amet quam egestas semper. Aenean ultricies mi vitae est. Mauris placerat eleifend leo. Quisque sit amet est et sapien ullamcorper pharetra. Vestibulum erat wisi, condimentum sed, commodo vitae, ornare sit amet, wisi. Aenean fermentum, elit eget tincidunt condimentum, eros ipsum rutrum orci, sagittis tempus lacus enim ac dui. Donec non enim in turpis pulvinar facilisis. Ut felis. Praesent dapibus, neque id cursus faucibus, tortor neque egestas augue, eu vulputate magna eros eu erat. Aliquam erat volutpat. Nam dui mi, tincidunt quis, accumsan porttitor, facilisis luctus, metus</p>","publish","0","2012-12-10 14:43:49","0","open","","no","no","visible","","instock","no","no","","","","","","","taxable","","","","yes","","","","","","","","","","","","","http://demo2.woothemes.com/superstore/files/2012/12/Nomu-Grinders-1.jpg|http://demo2.woothemes.com/superstore/files/2012/12/Nomu-Grinders-2.jpg|http://demo2.woothemes.com/superstore/files/2012/12/Nomu-Grinders-3.jpg|http://demo2.woothemes.com/superstore/files/2012/12/Nomu-Grinders-4.jpg|http://demo2.woothemes.com/superstore/files/2012/12/Nomu-Grinders-5.jpg|http://demo2.woothemes.com/superstore/files/2012/12/Nomu-Grinders-6.jpg","","grouped","Food|Spices, Seasoning &amp; Rubs","","","0","","","","","",""
"Oscar Juicer DA1000","oscar-juicer-da1000","1327","<p>Pellentesque habitant morbi tristique senectus et netus et malesuada fames ac turpis egestas. Vestibulum tortor quam, feugiat vitae, ultricies eget, tempor sit amet, ante. Donec eu libero sit amet quam egestas semper. Aenean ultricies mi vitae est. Mauris placerat eleifend leo.</p>","<p>Pellentesque habitant morbi tristique senectus et netus et malesuada fames ac turpis egestas. Vestibulum tortor quam, feugiat vitae, ultricies eget, tempor sit amet, ante. Donec eu libero sit amet quam egestas semper. Aenean ultricies mi vitae est. Mauris placerat eleifend leo. Quisque sit amet est et sapien ullamcorper pharetra. Vestibulum erat wisi, condimentum sed, commodo vitae, ornare sit amet, wisi. Aenean fermentum, elit eget tincidunt condimentum, eros ipsum rutrum orci, sagittis tempus lacus enim ac dui. Donec non enim in turpis pulvinar facilisis. Ut felis. Praesent dapibus, neque id cursus faucibus, tortor neque egestas augue, eu vulputate magna eros eu erat. Aliquam erat volutpat. Nam dui mi, tincidunt quis, accumsan porttitor, facilisis luctus, metus</p>","publish","0","2012-12-10 14:45:27","0","open","W012","no","no","visible","","instock","no","no","495","","","","","","taxable","","","","no","","","","","","","","","","","","","http://demo2.woothemes.com/superstore/files/2012/12/Oscar-Juicer-1.jpg|http://demo2.woothemes.com/superstore/files/2012/12/Oscar-Juicer-2.jpg|http://demo2.woothemes.com/superstore/files/2012/12/Oscar-Juicer-3.jpg|http://demo2.woothemes.com/superstore/files/2012/12/Oscar-Juicer-4.jpg","","simple","Appliances|Blenders &amp; Juicers","","","0","","","","","",""
"Sodastream Penguin","sodastream-penguin","1328","<p>Pellentesque habitant morbi tristique senectus et netus et malesuada fames ac turpis egestas. Vestibulum tortor quam, feugiat vitae, ultricies eget, tempor sit amet, ante. Donec eu libero sit amet quam egestas semper. Aenean ultricies mi vitae est. Mauris placerat eleifend leo.</p>","<p>Pellentesque habitant morbi tristique senectus et netus et malesuada fames ac turpis egestas. Vestibulum tortor quam, feugiat vitae, ultricies eget, tempor sit amet, ante. Donec eu libero sit amet quam egestas semper. Aenean ultricies mi vitae est. Mauris placerat eleifend leo. Quisque sit amet est et sapien ullamcorper pharetra. Vestibulum erat wisi, condimentum sed, commodo vitae, ornare sit amet, wisi. Aenean fermentum, elit eget tincidunt condimentum, eros ipsum rutrum orci, sagittis tempus lacus enim ac dui. Donec non enim in turpis pulvinar facilisis. Ut felis. Praesent dapibus, neque id cursus faucibus, tortor neque egestas augue, eu vulputate magna eros eu erat. Aliquam erat volutpat. Nam dui mi, tincidunt quis, accumsan porttitor, facilisis luctus, metus</p>","publish","0","2012-12-10 14:45:47","0","open","W011","no","no","visible","","instock","no","no","189","","","","","","taxable","","","","no","","","","","","","","","","","","","http://demo2.woothemes.com/superstore/files/2012/12/Sodastream-Penguin-1.jpg|http://demo2.woothemes.com/superstore/files/2012/12/Sodastream-Penguin-2.jpg|http://demo2.woothemes.com/superstore/files/2012/12/Sodastream-Penguin-3.jpg","","simple","Appliances|Speciality","","","0","","","","","",""
"Vinturi Deluxe Aerator Set","vinturi-deluxe-aerator-set","1329","<p>Pellentesque habitant morbi tristique senectus et netus et malesuada fames ac turpis egestas. Vestibulum tortor quam, feugiat vitae, ultricies eget, tempor sit amet, ante. Donec eu libero sit amet quam egestas semper. Aenean ultricies mi vitae est. Mauris placerat eleifend leo.</p>","<p>Pellentesque habitant morbi tristique senectus et netus et malesuada fames ac turpis egestas. Vestibulum tortor quam, feugiat vitae, ultricies eget, tempor sit amet, ante. Donec eu libero sit amet quam egestas semper. Aenean ultricies mi vitae est. Mauris placerat eleifend leo. Quisque sit amet est et sapien ullamcorper pharetra. Vestibulum erat wisi, condimentum sed, commodo vitae, ornare sit amet, wisi. Aenean fermentum, elit eget tincidunt condimentum, eros ipsum rutrum orci, sagittis tempus lacus enim ac dui. Donec non enim in turpis pulvinar facilisis. Ut felis. Praesent dapibus, neque id cursus faucibus, tortor neque egestas augue, eu vulputate magna eros eu erat. Aliquam erat volutpat. Nam dui mi, tincidunt quis, accumsan porttitor, facilisis luctus, metus</p>","publish","0","2012-12-10 14:46:59","0","open","W010","no","no","visible","","instock","no","no","100","80","","","","","taxable","","","","no","","","","","","","","","","","","","http://demo2.woothemes.com/superstore/files/2012/12/Vinturi-Aerator-1.jpg|http://demo2.woothemes.com/superstore/files/2012/12/Vinturi-Aerator-2.jpg","","simple","Bar &amp; Wine|Wine Tools &amp; Aerators","","","0","","","","","",""
"Weber One Touch Gold Premium Charcoal Grill-57cm","weber-one-touch-gold-premium-charcoal-grill-57cm","1330","<p>Pellentesque habitant morbi tristique senectus et netus et malesuada fames ac turpis egestas. Vestibulum tortor quam, feugiat vitae, ultricies eget, tempor sit amet, ante. Donec eu libero sit amet quam egestas semper. Aenean ultricies mi vitae est. Mauris placerat eleifend leo.</p>","<p>Pellentesque habitant morbi tristique senectus et netus et malesuada fames ac turpis egestas. Vestibulum tortor quam, feugiat vitae, ultricies eget, tempor sit amet, ante. Donec eu libero sit amet quam egestas semper. Aenean ultricies mi vitae est. Mauris placerat eleifend leo. Quisque sit amet est et sapien ullamcorper pharetra. Vestibulum erat wisi, condimentum sed, commodo vitae, ornare sit amet, wisi. Aenean fermentum, elit eget tincidunt condimentum, eros ipsum rutrum orci, sagittis tempus lacus enim ac dui. Donec non enim in turpis pulvinar facilisis. Ut felis. Praesent dapibus, neque id cursus faucibus, tortor neque egestas augue, eu vulputate magna eros eu erat. Aliquam erat volutpat. Nam dui mi, tincidunt quis, accumsan porttitor, facilisis luctus, metus</p>","publish","0","2012-12-10 14:48:37","0","open","W009","no","no","visible","","instock","no","no","225","","","","","","taxable","","","","no","","","","","","","","","","","","","http://demo2.woothemes.com/superstore/files/2012/12/Weber-Braai-1.jpg|http://demo2.woothemes.com/superstore/files/2012/12/Weber-Braai-2.jpg|http://demo2.woothemes.com/superstore/files/2012/12/Weber-Braai-3.jpg|http://demo2.woothemes.com/superstore/files/2012/12/Weber-Braai-4.jpg|http://demo2.woothemes.com/superstore/files/2012/12/Weber-Braai-5.jpg","","simple","Braais &amp; Ovens|Outdoor","","","0","","","","","",""
"Bodum Kenya Coffee Maker","bodum-kenya-coffee-maker","2587","Pellentesque habitant morbi tristique senectus et netus et malesuada fames ac turpis egestas. Vestibulum tortor quam, feugiat vitae, ultricies eget, tempor sit amet, ante. Donec eu libero sit amet quam egestas semper. Aenean ultricies mi vitae est. Mauris placerat eleifend leo.","Pellentesque habitant morbi tristique senectus et netus et malesuada fames ac turpis egestas. Vestibulum tortor quam, feugiat vitae, ultricies eget, tempor sit amet, ante. Donec eu libero sit amet quam egestas semper. Aenean ultricies mi vitae est. Mauris placerat eleifend leo.","publish","0","2013-01-21 15:41:02","0","open","","no","no","visible","","instock","no","no","25","","","","","","taxable","","","","no","","","","","","","","","","","","","http://demo2.woothemes.com/superstore/files/2013/01/Bodum-Coffee-Maker-1.jpg|http://demo2.woothemes.com/superstore/files/2013/01/Bodum-Coffee-Maker-2.jpg|http://demo2.woothemes.com/superstore/files/2013/01/Bodum-Coffee-Maker-3.jpg|http://demo2.woothemes.com/superstore/files/2013/01/Bodum-Coffee-Maker-4.jpg|http://demo2.woothemes.com/superstore/files/2013/01/Bodum-Coffee-Maker-5.jpg","","simple","Coffee &amp; Tea","","","0","","","","","",""
"Bodum Pavina Double Wall Glasses, Set of 2","bodum-pavina-double-wall-glasses-set-of-2","2593","Pellentesque habitant morbi tristique senectus et netus et malesuada fames ac turpis egestas. Vestibulum tortor quam, feugiat vitae, ultricies eget, tempor sit amet, ante. Donec eu libero sit amet quam egestas semper. Aenean ultricies mi vitae est. Mauris placerat eleifend leo.","Pellentesque habitant morbi tristique senectus et netus et malesuada fames ac turpis egestas. Vestibulum tortor quam, feugiat vitae, ultricies eget, tempor sit amet, ante. Donec eu libero sit amet quam egestas semper. Aenean ultricies mi vitae est. Mauris placerat eleifend leo.","publish","0","2013-01-21 15:43:27","0","open","","no","no","visible","","instock","no","no","6","","","","","","taxable","","","","no","","","","","","","","","","","","","http://demo2.woothemes.com/superstore/files/2013/01/Bodum-Mug-1.jpg|http://demo2.woothemes.com/superstore/files/2013/01/Bodum-Mug-2.jpg|http://demo2.woothemes.com/superstore/files/2013/01/Bodum-Mug-3.jpg","","simple","Coffee &amp; Tea","","","0","","","","","",""
"Dualit Vario 4 Slice Toaster","dualit-vario-4-slice-toaster","2597","Pellentesque habitant morbi tristique senectus et netus et malesuada fames ac turpis egestas. Vestibulum tortor quam, feugiat vitae, ultricies eget, tempor sit amet, ante. Donec eu libero sit amet quam egestas semper. Aenean ultricies mi vitae est. Mauris placerat eleifend leo.","Pellentesque habitant morbi tristique senectus et netus et malesuada fames ac turpis egestas. Vestibulum tortor quam, feugiat vitae, ultricies eget, tempor sit amet, ante. Donec eu libero sit amet quam egestas semper. Aenean ultricies mi vitae est. Mauris placerat eleifend leo.","publish","0","2013-01-21 15:45:51","0","open","","no","no","visible","","instock","no","no","100","","","","","","taxable","","","","no","","","","","","","","","","","","","http://demo2.woothemes.com/superstore/files/2013/01/Dualit-Toaster-1.jpg|http://demo2.woothemes.com/superstore/files/2013/01/Dualit-Toaster-11.jpg|http://demo2.woothemes.com/superstore/files/2013/01/Dualit-Toaster-2.jpg","","simple","Appliances|Toasters","","","0","","","","","",""
"Eva Solo Drip-Free Carafe","eva-solo-drip-free-carafe","2601","Pellentesque habitant morbi tristique senectus et netus et malesuada fames ac turpis egestas. Vestibulum tortor quam, feugiat vitae, ultricies eget, tempor sit amet, ante. Donec eu libero sit amet quam egestas semper. Aenean ultricies mi vitae est. Mauris placerat eleifend leo.","Pellentesque habitant morbi tristique senectus et netus et malesuada fames ac turpis egestas. Vestibulum tortor quam, feugiat vitae, ultricies eget, tempor sit amet, ante. Donec eu libero sit amet quam egestas semper. Aenean ultricies mi vitae est. Mauris placerat eleifend leo.","publish","0","2013-01-21 15:48:14","0","open","","no","no","visible","","instock","no","no","45","","","","","","taxable","","","","no","","","","","","","","","","","","","http://demo2.woothemes.com/superstore/files/2013/01/Eva-Solo-Carafe-1.jpg|http://demo2.woothemes.com/superstore/files/2013/01/Eva-Solo-Carafe-2.jpg|http://demo2.woothemes.com/superstore/files/2013/01/Eva-Solo-Carafe-3.jpg|http://demo2.woothemes.com/superstore/files/2013/01/Eva-Solo-Carafe-4.jpg","","simple","Bar &amp; Wine","","","0","","","","","",""
"Mellerware Biltong King & Food Dehydrator","mellerware-biltong-king-food-dehydrator","2606","Pellentesque habitant morbi tristique senectus et netus et malesuada fames ac turpis egestas. Vestibulum tortor quam, feugiat vitae, ultricies eget, tempor sit amet, ante. Donec eu libero sit amet quam egestas semper. Aenean ultricies mi vitae est. Mauris placerat eleifend leo.","Pellentesque habitant morbi tristique senectus et netus et malesuada fames ac turpis egestas. Vestibulum tortor quam, feugiat vitae, ultricies eget, tempor sit amet, ante. Donec eu libero sit amet quam egestas semper. Aenean ultricies mi vitae est. Mauris placerat eleifend leo.","publish","0","2013-01-21 15:50:06","0","open","","no","no","visible","","instock","no","no","75","","","","","","taxable","","","","no","","","","","","","","","","","","","http://demo2.woothemes.com/superstore/files/2013/01/Biltong-Maker-1.jpg","","simple","Appliances","","","0","","","","","",""
"Kitchen Craft Stainless Steel Meat Dial Thermometer","kitchen-craft-stainless-steel-meat-dial-thermometer","2608","Pellentesque habitant morbi tristique senectus et netus et malesuada fames ac turpis egestas. Vestibulum tortor quam, feugiat vitae, ultricies eget, tempor sit amet, ante. Donec eu libero sit amet quam egestas semper. Aenean ultricies mi vitae est. Mauris placerat eleifend leo.","Pellentesque habitant morbi tristique senectus et netus et malesuada fames ac turpis egestas. Vestibulum tortor quam, feugiat vitae, ultricies eget, tempor sit amet, ante. Donec eu libero sit amet quam egestas semper. Aenean ultricies mi vitae est. Mauris placerat eleifend leo.","publish","0","2013-01-21 15:52:09","0","open","","no","no","visible","","instock","no","no","9","","","","","","taxable","","","","no","","","","","","","","","","","","","http://demo2.woothemes.com/superstore/files/2013/01/Meat-thermometer-1.jpg","","simple","Thermometers|Tools","","","0","","","","","",""
"Yuppiechef Letterpress Cookie Set","yuppiechef-letterpress-cookie-set","2610","Pellentesque habitant morbi tristique senectus et netus et malesuada fames ac turpis egestas. Vestibulum tortor quam, feugiat vitae, ultricies eget, tempor sit amet, ante. Donec eu libero sit amet quam egestas semper. Aenean ultricies mi vitae est. Mauris placerat eleifend leo.","Pellentesque habitant morbi tristique senectus et netus et malesuada fames ac turpis egestas. Vestibulum tortor quam, feugiat vitae, ultricies eget, tempor sit amet, ante. Donec eu libero sit amet quam egestas semper. Aenean ultricies mi vitae est. Mauris placerat eleifend leo.","publish","0","2013-01-21 15:54:01","0","open","","no","no","visible","","instock","no","no","12","","","","","","taxable","","","","no","","","","","","","","","","","","","http://demo2.woothemes.com/superstore/files/2013/01/Cookie-Cutters-1.jpg|http://demo2.woothemes.com/superstore/files/2013/01/Cookie-Cutters-2.jpg|http://demo2.woothemes.com/superstore/files/2013/01/Cookie-Cutters-3.jpg|http://demo2.woothemes.com/superstore/files/2013/01/Cookie-Cutters-4.jpg|http://demo2.woothemes.com/superstore/files/2013/01/Cookie-Cutters-5.jpg|http://demo2.woothemes.com/superstore/files/2013/01/Cookie-Cutters-6.jpg|http://demo2.woothemes.com/superstore/files/2013/01/Cookie-Cutters-7.jpg|http://demo2.woothemes.com/superstore/files/2013/01/Cookie-Cutters-8.jpg|http://demo2.woothemes.com/superstore/files/2013/01/Cookie-Cutters-9.jpg|http://demo2.woothemes.com/superstore/files/2013/01/Cookie-Cutters-10.jpg|http://demo2.woothemes.com/superstore/files/2013/01/Cookie-Cutters-11.jpg|http://demo2.woothemes.com/superstore/files/2013/01/Cookie-Cutters-12.jpg|http://demo2.woothemes.com/superstore/files/2013/01/Cookie-Cutters-13.jpg","","simple","Cookie Cutters|Tools","","","0","","","","","",""
"Kitchen Craft Home Made Pancake & Doughnut Batter Dispenser","kitchen-craft-home-made-pancake-doughnut-batter-dispenser","2624","Pellentesque habitant morbi tristique senectus et netus et malesuada fames ac turpis egestas. Vestibulum tortor quam, feugiat vitae, ultricies eget, tempor sit amet, ante. Donec eu libero sit amet quam egestas semper. Aenean ultricies mi vitae est. Mauris placerat eleifend leo.","Pellentesque habitant morbi tristique senectus et netus et malesuada fames ac turpis egestas. Vestibulum tortor quam, feugiat vitae, ultricies eget, tempor sit amet, ante. Donec eu libero sit amet quam egestas semper. Aenean ultricies mi vitae est. Mauris placerat eleifend leo.","publish","0","2013-01-21 15:55:40","0","open","","no","no","visible","","instock","no","no","10","","","","","","taxable","","","","no","","","","","","","","","","","","","http://demo2.woothemes.com/superstore/files/2013/01/Kitchen-Craft-Baking-Tools-1.jpg|http://demo2.woothemes.com/superstore/files/2013/01/Kitchen-Craft-Baking-Tools-2.jpg|http://demo2.woothemes.com/superstore/files/2013/01/Kitchen-Craft-Baking-Tools-3.jpg","","simple","Bakeware","","","0","","","","","",""
"Kitchen Craft Pack of Twelve Silicone Cupcake Cases","kitchen-craft-pack-of-twelve-silicone-cupcake-cases","2628","Pellentesque habitant morbi tristique senectus et netus et malesuada fames ac turpis egestas. Vestibulum tortor quam, feugiat vitae, ultricies eget, tempor sit amet, ante. Donec eu libero sit amet quam egestas semper. Aenean ultricies mi vitae est. Mauris placerat eleifend leo.","Pellentesque habitant morbi tristique senectus et netus et malesuada fames ac turpis egestas. Vestibulum tortor quam, feugiat vitae, ultricies eget, tempor sit amet, ante. Donec eu libero sit amet quam egestas semper. Aenean ultricies mi vitae est. Mauris placerat eleifend leo.","publish","0","2013-01-21 15:56:56","0","open","","no","no","visible","","instock","no","no","10","","","","","","taxable","","","","no","","","","","","","","","","","","","http://demo2.woothemes.com/superstore/files/2013/01/Kitchen-Craft-Cake-Decorating-1.jpg|http://demo2.woothemes.com/superstore/files/2013/01/Kitchen-Craft-Cake-Decorating-2.jpg|http://demo2.woothemes.com/superstore/files/2013/01/Kitchen-Craft-Cake-Decorating-3.jpg|http://demo2.woothemes.com/superstore/files/2013/01/Kitchen-Craft-Cake-Decorating-4.jpg","","simple","Bakeware|Cake Decorating Tools &amp; Sets","","","0","","","","","",""
"Morphy Richards Accents 2 Slice Toaster","morphy-richards-accents-2-slice-toaster","2633","Pellentesque habitant morbi tristique senectus et netus et malesuada fames ac turpis egestas. Vestibulum tortor quam, feugiat vitae, ultricies eget, tempor sit amet, ante. Donec eu libero sit amet quam egestas semper. Aenean ultricies mi vitae est. Mauris placerat eleifend leo.","Pellentesque habitant morbi tristique senectus et netus et malesuada fames ac turpis egestas. Vestibulum tortor quam, feugiat vitae, ultricies eget, tempor sit amet, ante. Donec eu libero sit amet quam egestas semper. Aenean ultricies mi vitae est. Mauris placerat eleifend leo.","publish","0","2013-01-21 15:58:59","0","open","","no","no","visible","","instock","no","no","45","","","","","","taxable","","","","no","","","","","","","","","","","","","http://demo2.woothemes.com/superstore/files/2013/01/Morphy-Richards-Toaster-11.jpg|http://demo2.woothemes.com/superstore/files/2013/01/Morphy-Richards-Toaster-1.jpg|http://demo2.woothemes.com/superstore/files/2013/01/Morphy-Richards-Toaster-2.jpg|http://demo2.woothemes.com/superstore/files/2013/01/Morphy-Richards-Toaster-3.jpg","","simple","Appliances|Toasters","","","0","","","","","",""
"Oscar Juicer DA900","oscar-juicer-da900","2638","Pellentesque habitant morbi tristique senectus et netus et malesuada fames ac turpis egestas. Vestibulum tortor quam, feugiat vitae, ultricies eget, tempor sit amet, ante. Donec eu libero sit amet quam egestas semper. Aenean ultricies mi vitae est. Mauris placerat eleifend leo.","Pellentesque habitant morbi tristique senectus et netus et malesuada fames ac turpis egestas. Vestibulum tortor quam, feugiat vitae, ultricies eget, tempor sit amet, ante. Donec eu libero sit amet quam egestas semper. Aenean ultricies mi vitae est. Mauris placerat eleifend leo.","publish","0","2013-01-21 16:00:57","0","open","","no","no","visible","","instock","no","no","75","99","","","","","taxable","","","","no","","","","","","","","","","","","","http://demo2.woothemes.com/superstore/files/2013/01/Oscar-Juicer-DA-900-1.jpg|http://demo2.woothemes.com/superstore/files/2013/01/Oscar-Juicer-DA-900-2.jpg|http://demo2.woothemes.com/superstore/files/2013/01/Oscar-Juicer-DA-900-3.jpg|http://demo2.woothemes.com/superstore/files/2013/01/Oscar-Juicer-DA-900-4.jpg|http://demo2.woothemes.com/superstore/files/2013/01/Oscar-Juicer-DA-900-5.jpg","","simple","Appliances|Blenders &amp; Juicers","","","0","","","","","",""
"Bodum Chambord Classic Milk Frother","bodum-chambord-classic-milk-frother","2644","Pellentesque habitant morbi tristique senectus et netus et malesuada fames ac turpis egestas. Vestibulum tortor quam, feugiat vitae, ultricies eget, tempor sit amet, ante. Donec eu libero sit amet quam egestas semper. Aenean ultricies mi vitae est. Mauris placerat eleifend leo.","Pellentesque habitant morbi tristique senectus et netus et malesuada fames ac turpis egestas. Vestibulum tortor quam, feugiat vitae, ultricies eget, tempor sit amet, ante. Donec eu libero sit amet quam egestas semper. Aenean ultricies mi vitae est. Mauris placerat eleifend leo.","publish","0","2013-01-21 16:02:55","0","open","","no","no","visible","","instock","no","no","12","","","","","","taxable","","","","no","","","","","","","","","","","","","http://demo2.woothemes.com/superstore/files/2013/01/Bodum-Milk-Frother-1.jpg|http://demo2.woothemes.com/superstore/files/2013/01/Bodum-Milk-Frother-2.jpg|http://demo2.woothemes.com/superstore/files/2013/01/Bodum-Milk-Frother-3.jpg|http://demo2.woothemes.com/superstore/files/2013/01/Bodum-Milk-Frother-4.jpg|http://demo2.woothemes.com/superstore/files/2013/01/Bodum-Milk-Frother-5.jpg","","simple","Coffee &amp; Tea","","","0","","","","","",""
"Le Creuset 26cm Square Skillet Grill","le-creuset-26cm-square-skillet-grill","2650","Pellentesque habitant morbi tristique senectus et netus et malesuada fames ac turpis egestas. Vestibulum tortor quam, feugiat vitae, ultricies eget, tempor sit amet, ante. Donec eu libero sit amet quam egestas semper. Aenean ultricies mi vitae est. Mauris placerat eleifend leo.","Pellentesque habitant morbi tristique senectus et netus et malesuada fames ac turpis egestas. Vestibulum tortor quam, feugiat vitae, ultricies eget, tempor sit amet, ante. Donec eu libero sit amet quam egestas semper. Aenean ultricies mi vitae est. Mauris placerat eleifend leo.","publish","0","2013-01-21 16:04:37","0","open","","no","no","visible","","instock","no","no","50","","","","","","taxable","","","","no","","","","","","","","","","","","","http://demo2.woothemes.com/superstore/files/2013/01/Le-Creuset-Skillet-1.jpg|http://demo2.woothemes.com/superstore/files/2013/01/Le-Creuset-Skillet-2.jpg|http://demo2.woothemes.com/superstore/files/2013/01/Le-Creuset-Skillet-3.jpg|http://demo2.woothemes.com/superstore/files/2013/01/Le-Creuset-Skillet-4.jpg","","simple","Cookware|Frying Pans &amp; Saute Pans","","","0","","","","","",""
"KitchenAid Artisan Blender","kitchenaid-artisan-blender","2655","Pellentesque habitant morbi tristique senectus et netus et malesuada fames ac turpis egestas. Vestibulum tortor quam, feugiat vitae, ultricies eget, tempor sit amet, ante. Donec eu libero sit amet quam egestas semper. Aenean ultricies mi vitae est. Mauris placerat eleifend leo.","Pellentesque habitant morbi tristique senectus et netus et malesuada fames ac turpis egestas. Vestibulum tortor quam, feugiat vitae, ultricies eget, tempor sit amet, ante. Donec eu libero sit amet quam egestas semper. Aenean ultricies mi vitae est. Mauris placerat eleifend leo.","publish","0","2013-01-21 16:11:38","0","open","","no","no","visible","","instock","no","no","50","","","","","","taxable","","","","no","","","","","","","","","","","","","http://demo2.woothemes.com/superstore/files/2013/01/Blenders-and-mixers-1.jpg|http://demo2.woothemes.com/superstore/files/2013/01/Blenders-and-mixers-2.jpg|http://demo2.woothemes.com/superstore/files/2013/01/Blenders-and-mixers-3.jpg|http://demo2.woothemes.com/superstore/files/2013/01/Blenders-and-mixers-4.jpg|http://demo2.woothemes.com/superstore/files/2013/01/Blenders-and-mixers-5.jpg","","simple","Appliances|Blenders &amp; Juicers","","","0","","","","","",""
"Le Creuset Venus Spatula Spoon","le-creuset-venus-spatula-spoon","2661","Pellentesque habitant morbi tristique senectus et netus et malesuada fames ac turpis egestas. Vestibulum tortor quam, feugiat vitae, ultricies eget, tempor sit amet, ante. Donec eu libero sit amet quam egestas semper. Aenean ultricies mi vitae est. Mauris placerat eleifend leo.","Pellentesque habitant morbi tristique senectus et netus et malesuada fames ac turpis egestas. Vestibulum tortor quam, feugiat vitae, ultricies eget, tempor sit amet, ante. Donec eu libero sit amet quam egestas semper. Aenean ultricies mi vitae est. Mauris placerat eleifend leo.","publish","0","2013-01-21 16:14:19","0","open","","no","no","visible","","instock","no","no","","8","","","","","taxable","","","","no","","","","","","","","","","","","","http://demo2.woothemes.com/superstore/files/2013/01/Cooking-Utensils-1.jpg|http://demo2.woothemes.com/superstore/files/2013/01/Cooking-Utensils-2.jpg|http://demo2.woothemes.com/superstore/files/2013/01/Cooking-Utensils-3.jpg|http://demo2.woothemes.com/superstore/files/2013/01/Cooking-Utensils-4.jpg|http://demo2.woothemes.com/superstore/files/2013/01/Cooking-Utensils-5.jpg","","simple","Cookware|Utensils","","","0","","","","","",""
"Kenwood kMix Cordless Electric Kettle, 1 litre","kenwood-kmix-cordless-electric-kettle-1-litre","2667","Pellentesque habitant morbi tristique senectus et netus et malesuada fames ac turpis egestas. Vestibulum tortor quam, feugiat vitae, ultricies eget, tempor sit amet, ante. Donec eu libero sit amet quam egestas semper. Aenean ultricies mi vitae est. Mauris placerat eleifend leo.","Pellentesque habitant morbi tristique senectus et netus et malesuada fames ac turpis egestas. Vestibulum tortor quam, feugiat vitae, ultricies eget, tempor sit amet, ante. Donec eu libero sit amet quam egestas semper. Aenean ultricies mi vitae est. Mauris placerat eleifend leo.","publish","0","2013-01-21 16:17:02","0","open","","no","no","visible","","instock","no","no","65","","","","","","taxable","","","","no","","","","","","","","","","","","","http://demo2.woothemes.com/superstore/files/2013/01/Kenwood-Kettle-1.jpg|http://demo2.woothemes.com/superstore/files/2013/01/Kenwood-Kettle-2.jpg|http://demo2.woothemes.com/superstore/files/2013/01/Kenwood-Kettle-3.jpg|http://demo2.woothemes.com/superstore/files/2013/01/Kenwood-Kettle-4.jpg|http://demo2.woothemes.com/superstore/files/2013/01/Kenwood-Kettle-5.jpg","","simple","Appliances|Electric Kettles","","","0","","","","","",""
"Eva Solo 6 Piece Tumbler Set - Gift Boxed","eva-solo-6-piece-tumbler-set-gift-boxed","2673","Pellentesque habitant morbi tristique senectus et netus et malesuada fames ac turpis egestas. Vestibulum tortor quam, feugiat vitae, ultricies eget, tempor sit amet, ante. Donec eu libero sit amet quam egestas semper. Aenean ultricies mi vitae est. Mauris placerat eleifend leo.","Pellentesque habitant morbi tristique senectus et netus et malesuada fames ac turpis egestas. Vestibulum tortor quam, feugiat vitae, ultricies eget, tempor sit amet, ante. Donec eu libero sit amet quam egestas semper. Aenean ultricies mi vitae est. Mauris placerat eleifend leo.","publish","0","2013-01-21 16:19:40","0","open","","no","no","visible","","instock","no","no","50","","","","","","taxable","","","","no","","","","","","","","","","","","","http://demo2.woothemes.com/superstore/files/2013/01/Eva-Solo-Glassware-2.jpg|http://demo2.woothemes.com/superstore/files/2013/01/Eva-Solo-Glassware-1.jpg","","simple","Bar &amp; Wine|Glassware","","","0","","","","","",""
"Wusthof Classic Ikon Creme Chef's Knife 20cm","wusthof-classic-ikon-creme-chefs-knife-20cm","2676","Pellentesque habitant morbi tristique senectus et netus et malesuada fames ac turpis egestas. Vestibulum tortor quam, feugiat vitae, ultricies eget, tempor sit amet, ante. Donec eu libero sit amet quam egestas semper. Aenean ultricies mi vitae est. Mauris placerat eleifend leo.","Pellentesque habitant morbi tristique senectus et netus et malesuada fames ac turpis egestas. Vestibulum tortor quam, feugiat vitae, ultricies eget, tempor sit amet, ante. Donec eu libero sit amet quam egestas semper. Aenean ultricies mi vitae est. Mauris placerat eleifend leo.","publish","0","2013-01-21 16:22:17","0","open","","no","no","visible","","instock","no","no","35","","","","","","taxable","","","","no","","","","","","","","","","","","","http://demo2.woothemes.com/superstore/files/2013/01/Knives-1.jpg|http://demo2.woothemes.com/superstore/files/2013/01/Knives-2.jpg|http://demo2.woothemes.com/superstore/files/2013/01/Knives-3.jpg|http://demo2.woothemes.com/superstore/files/2013/01/Knives-4.jpg","","simple","Knives","","","0","","","","","",""
"NoMU Rubs, Herb and Spice Blends","nomu-rubs-herb-and-spice-blends","2681","Pellentesque habitant morbi tristique senectus et netus et malesuada fames ac turpis egestas. Vestibulum tortor quam, feugiat vitae, ultricies eget, tempor sit amet, ante. Donec eu libero sit amet quam egestas semper. Aenean ultricies mi vitae est. Mauris placerat eleifend leo.","Pellentesque habitant morbi tristique senectus et netus et malesuada fames ac turpis egestas. Vestibulum tortor quam, feugiat vitae, ultricies eget, tempor sit amet, ante. Donec eu libero sit amet quam egestas semper. Aenean ultricies mi vitae est. Mauris placerat eleifend leo.","publish","0","2013-01-21 16:23:34","0","open","","no","no","visible","","instock","no","no","4","","","","","","taxable","","","","no","","","","","","","","","","","","","http://demo2.woothemes.com/superstore/files/2013/01/Nomu-Spices-1.jpg|http://demo2.woothemes.com/superstore/files/2013/01/Nomu-Spices-2.jpg|http://demo2.woothemes.com/superstore/files/2013/01/Nomu-Spices-3.jpg|http://demo2.woothemes.com/superstore/files/2013/01/Nomu-Spices-4.jpg|http://demo2.woothemes.com/superstore/files/2013/01/Nomu-Spices-5.jpg|http://demo2.woothemes.com/superstore/files/2013/01/Nomu-Spices-6.jpg","","simple","Food|Spices, Seasoning &amp; Rubs","","","0","","","","","",""
"Kitchen Craft Electric Kitchen Scale 5kg","kitchen-craft-electric-kitchen-scale-5kg","2688","Pellentesque habitant morbi tristique senectus et netus et malesuada fames ac turpis egestas. Vestibulum tortor quam, feugiat vitae, ultricies eget, tempor sit amet, ante. Donec eu libero sit amet quam egestas semper. Aenean ultricies mi vitae est. Mauris placerat eleifend leo.","Pellentesque habitant morbi tristique senectus et netus et malesuada fames ac turpis egestas. Vestibulum tortor quam, feugiat vitae, ultricies eget, tempor sit amet, ante. Donec eu libero sit amet quam egestas semper. Aenean ultricies mi vitae est. Mauris placerat eleifend leo.","publish","0","2013-01-21 16:26:25","0","open","","no","no","visible","","instock","no","no","15","","","","","","taxable","","","","no","","","","","","","","","","","","","http://demo2.woothemes.com/superstore/files/2013/01/Kitchen-Craft-Scale-1.jpg|http://demo2.woothemes.com/superstore/files/2013/01/Kitchen-Craft-Scale-2.jpg|http://demo2.woothemes.com/superstore/files/2013/01/Kitchen-Craft-Scale-3.jpg|http://demo2.woothemes.com/superstore/files/2013/01/Kitchen-Craft-Scale-4.jpg|http://demo2.woothemes.com/superstore/files/2013/01/Kitchen-Craft-Scale-5.jpg","","simple","Cookware|Scales","","","0","","","","","",""
"Kitchen Craft Wall Mounted Crown Bottle Opener","kitchen-craft-wall-mounted-crown-bottle-opener","2694","Pellentesque habitant morbi tristique senectus et netus et malesuada fames ac turpis egestas. Vestibulum tortor quam, feugiat vitae, ultricies eget, tempor sit amet, ante. Donec eu libero sit amet quam egestas semper. Aenean ultricies mi vitae est. Mauris placerat eleifend leo.","Pellentesque habitant morbi tristique senectus et netus et malesuada fames ac turpis egestas. Vestibulum tortor quam, feugiat vitae, ultricies eget, tempor sit amet, ante. Donec eu libero sit amet quam egestas semper. Aenean ultricies mi vitae est. Mauris placerat eleifend leo.","publish","0","2013-01-21 16:28:13","0","open","","no","no","visible","","instock","no","no","5","","","","","","taxable","","","","no","","","","","","","","","","","","","http://demo2.woothemes.com/superstore/files/2013/01/Bottle-Openers-1.jpg|http://demo2.woothemes.com/superstore/files/2013/01/Bottle-Openers-2.png|http://demo2.woothemes.com/superstore/files/2013/01/Bottle-Openers-3.jpg","","simple","Bottle Openers|Tools","","","0","","","","","",""
