Type,SKU,Name,Published,Is featured?,Visibility in catalog,Short description,Description,Date sale price starts,Date sale price ends,Tax class,In stock?,Stock,Backorders allowed?,Sold individually?,Weight (kg),Length (cm),Width (cm),Height (cm),Allow customer reviews?,Purchase note,Sale price,Regular price,Categories,Tags,Shipping class,Images,Download limit,Download expiry days,Parent,Grouped products,Upsells,Cross-sells,External URL,Button text,Download 1 name,Download 1 URL,Attribute 1 name,Attribute 1 value(s),Attribute 1 visible,Attribute 1 global,Attribute 2 name,Attribute 2 value(s),Attribute 2 visible,Attribute 2 global,Attribute 1 default,Attribute 2 default
"simple, downloadable, virtual",WOO-SINGLE-2,Woo Single #2,1,0,visible,"Pellentesque habitant morbi tristique senectus et netus et malesuada fames ac turpis egestas. Vestibulum tortor quam, feugiat vitae, ultricies eget, tempor sit amet, ante. Donec eu libero sit amet quam egestas semper. Aenean ultricies mi vitae est. Mauris placerat eleifend leo.","Pellentesque habitant morbi tristique senectus et netus et malesuada fames ac turpis egestas. Vestibulum tortor quam, feugiat vitae, ultricies eget, tempor sit amet, ante. Donec eu libero sit amet quam egestas semper. Aenean ultricies mi vitae est. Mauris placerat eleifend leo.",,,taxable,1,,0,0,,,,,1,,2,3,"Music, Music > Singles",,,"http://demo.woothemes.com/woocommerce/wp-content/uploads/sites/56/2013/06/cd_6_angle.jpg, http://demo.woothemes.com/woocommerce/wp-content/uploads/sites/56/2013/06/cd_6_flat.jpg",10,90,,,,,,,Song #2,https://woocommerce.files.wordpress.com/2017/06/woo-single-2.ogg,,,,,,,,,,
"simple, downloadable, virtual",WOO-SINGLE-1,Woo Single #1,1,0,visible,"Pellentesque habitant morbi tristique senectus et netus et malesuada fames ac turpis egestas. Vestibulum tortor quam, feugiat vitae, ultricies eget, tempor sit amet, ante. Donec eu libero sit amet quam egestas semper. Aenean ultricies mi vitae est. Mauris placerat eleifend leo.","Pellentesque habitant morbi tristique senectus et netus et malesuada fames ac turpis egestas. Vestibulum tortor quam, feugiat vitae, ultricies eget, tempor sit amet, ante. Donec eu libero sit amet quam egestas semper. Aenean ultricies mi vitae est. Mauris placerat eleifend leo.",,,taxable,1,,0,0,,,,,1,,,3,"Music, Music > Singles",,,"http://demo.woothemes.com/woocommerce/wp-content/uploads/sites/56/2013/06/cd_4_angle.jpg, http://demo.woothemes.com/woocommerce/wp-content/uploads/sites/56/2013/06/cd_4_flat.jpg",-1,-1,,,,,,,Song #1,https://woocommerce.files.wordpress.com/2017/06/woo-single-1.ogg,,,,,,,,,,
grouped,WOO-SINGLES,Woo Singles,1,0,visible,"Pellentesque habitant morbi tristique senectus et netus et malesuada fames ac turpis egestas. Vestibulum tortor quam, feugiat vitae, ultricies eget, tempor sit amet, ante. Donec eu libero sit amet quam egestas semper. Aenean ultricies mi vitae est. Mauris placerat eleifend leo.","Pellentesque habitant morbi tristique senectus et netus et malesuada fames ac turpis egestas. Vestibulum tortor quam, feugiat vitae, ultricies eget, tempor sit amet, ante. Donec eu libero sit amet quam egestas semper. Aenean ultricies mi vitae est. Mauris placerat eleifend leo.",,,taxable,1,,0,0,,,,,1,,,,"Music, Music > Singles",,,http://demo.woothemes.com/woocommerce/wp-content/uploads/sites/56/2013/06/cd_6_flat.jpg,,,,"WOO-SINGLE-1,WOO-SINGLE-2","WOO-ALBUM-1,WOO-ALBUM-2",WOO-ALBUM-3,,,,,,,,,,,,,,
"simple, virtual",WOO-ALBUM-4,Woo Album #4,1,0,visible,"Pellentesque habitant morbi tristique senectus et netus et malesuada fames ac turpis egestas. Vestibulum tortor quam, feugiat vitae, ultricies eget, tempor sit amet, ante. Donec eu libero sit amet quam egestas semper. Aenean ultricies mi vitae est. Mauris placerat eleifend leo.","Pellentesque habitant morbi tristique senectus et netus et malesuada fames ac turpis egestas. Vestibulum tortor quam, feugiat vitae, ultricies eget, tempor sit amet, ante. Donec eu libero sit amet quam egestas semper. Aenean ultricies mi vitae est. Mauris placerat eleifend leo.",,,taxable,1,,0,0,,,,,1,,,9,"Music > Albums, Music",,,"http://demo.woothemes.com/woocommerce/wp-content/uploads/sites/56/2013/06/cd_5_angle.jpg, http://demo.woothemes.com/woocommerce/wp-content/uploads/sites/56/2013/06/cd_5_flat.jpg",,,,,,,,,,,,,,,,,,,,
"simple, virtual",WOO-ALBUM-3,Woo Album #3,1,0,visible,"Pellentesque habitant morbi tristique senectus et netus et malesuada fames ac turpis egestas. Vestibulum tortor quam, feugiat vitae, ultricies eget, tempor sit amet, ante. Donec eu libero sit amet quam egestas semper. Aenean ultricies mi vitae est. Mauris placerat eleifend leo.","Pellentesque habitant morbi tristique senectus et netus et malesuada fames ac turpis egestas. Vestibulum tortor quam, feugiat vitae, ultricies eget, tempor sit amet, ante. Donec eu libero sit amet quam egestas semper. Aenean ultricies mi vitae est. Mauris placerat eleifend leo.",,,taxable,1,,0,0,,,,,1,,,9,"Music > Albums, Music",,,"http://demo.woothemes.com/woocommerce/wp-content/uploads/sites/56/2013/06/cd_3_angle.jpg, http://demo.woothemes.com/woocommerce/wp-content/uploads/sites/56/2013/06/cd_3_flat.jpg",,,,,,,,,,,,,,,,,,,,
"simple, virtual",WOO-ALBUM-2,Woo Album #2,1,0,visible,"Pellentesque habitant morbi tristique senectus et netus et malesuada fames ac turpis egestas. Vestibulum tortor quam, feugiat vitae, ultricies eget, tempor sit amet, ante. Donec eu libero sit amet quam egestas semper. Aenean ultricies mi vitae est. Mauris placerat eleifend leo.","Pellentesque habitant morbi tristique senectus et netus et malesuada fames ac turpis egestas. Vestibulum tortor quam, feugiat vitae, ultricies eget, tempor sit amet, ante. Donec eu libero sit amet quam egestas semper. Aenean ultricies mi vitae est. Mauris placerat eleifend leo.",,,taxable,1,,0,0,,,,,1,,,9,"Music > Albums, Music",,,"http://demo.woothemes.com/woocommerce/wp-content/uploads/sites/56/2013/06/cd_2_angle.jpg, http://demo.woothemes.com/woocommerce/wp-content/uploads/sites/56/2013/06/cd_2_flat.jpg",,,,,,,,,,,,,,,,,,,,
"simple, virtual",WOO-ALBUM-1,Woo Album #1,1,0,visible,"Pellentesque habitant morbi tristique senectus et netus et malesuada fames ac turpis egestas. Vestibulum tortor quam, feugiat vitae, ultricies eget, tempor sit amet, ante. Donec eu libero sit amet quam egestas semper. Aenean ultricies mi vitae est. Mauris placerat eleifend leo.","Pellentesque habitant morbi tristique senectus et netus et malesuada fames ac turpis egestas. Vestibulum tortor quam, feugiat vitae, ultricies eget, tempor sit amet, ante. Donec eu libero sit amet quam egestas semper. Aenean ultricies mi vitae est. Mauris placerat eleifend leo.",,,taxable,1,,0,0,,,,,1,,,9,"Music > Albums, Music",,,"http://demo.woothemes.com/woocommerce/wp-content/uploads/sites/56/2013/06/cd_1_angle.jpg, http://demo.woothemes.com/woocommerce/wp-content/uploads/sites/56/2013/06/cd_1_flat.jpg",,,,,,,,,,,,,,,,,,,,
simple,POSTER-WOO-LOGO,Woo Logo,1,0,visible,"Pellentesque habitant morbi tristique senectus et netus et malesuada fames ac turpis egestas. Vestibulum tortor quam, feugiat vitae, ultricies eget, tempor sit amet, ante. Donec eu libero sit amet quam egestas semper. Aenean ultricies mi vitae est. Mauris placerat eleifend leo.","Pellentesque habitant morbi tristique senectus et netus et malesuada fames ac turpis egestas. Vestibulum tortor quam, feugiat vitae, ultricies eget, tempor sit amet, ante. Donec eu libero sit amet quam egestas semper. Aenean ultricies mi vitae est. Mauris placerat eleifend leo.",,,taxable,1,,0,0,,,,,1,,,15,Posters,,,"http://demo.woothemes.com/woocommerce/wp-content/uploads/sites/56/2013/06/poster_5_up.jpg, http://demo.woothemes.com/woocommerce/wp-content/uploads/sites/56/2013/06/Poster_5_flat.jpg",,,,,,"T-SHIRT-WOO-LOGO,HOODIE-WOO-LOGO",,,,,,,,,,,,,,
simple,POSTER-WOO-NINJA,Woo Ninja,1,0,visible,"Pellentesque habitant morbi tristique senectus et netus et malesuada fames ac turpis egestas. Vestibulum tortor quam, feugiat vitae, ultricies eget, tempor sit amet, ante. Donec eu libero sit amet quam egestas semper. Aenean ultricies mi vitae est. Mauris placerat eleifend leo.","Pellentesque habitant morbi tristique senectus et netus et malesuada fames ac turpis egestas. Vestibulum tortor quam, feugiat vitae, ultricies eget, tempor sit amet, ante. Donec eu libero sit amet quam egestas semper. Aenean ultricies mi vitae est. Mauris placerat eleifend leo.",,,taxable,1,,0,0,,,,,1,,,15,Posters,,,"http://demo.woothemes.com/woocommerce/wp-content/uploads/sites/56/2013/06/poster_4_up.jpg, http://demo.woothemes.com/woocommerce/wp-content/uploads/sites/56/2013/06/Poster_4_flat.jpg",,,,,,"T-SHIRT-WOO-NINJA,HOODIE-WOO-NINJA",,,,,,,,,,,,,,
simple,POSTER-PREMIUM-QUALITY,Premium Quality,1,0,visible,"Pellentesque habitant morbi tristique senectus et netus et malesuada fames ac turpis egestas. Vestibulum tortor quam, feugiat vitae, ultricies eget, tempor sit amet, ante. Donec eu libero sit amet quam egestas semper. Aenean ultricies mi vitae est. Mauris placerat eleifend leo.","Pellentesque habitant morbi tristique senectus et netus et malesuada fames ac turpis egestas. Vestibulum tortor quam, feugiat vitae, ultricies eget, tempor sit amet, ante. Donec eu libero sit amet quam egestas semper. Aenean ultricies mi vitae est. Mauris placerat eleifend leo.",,,taxable,1,,0,0,,,,,1,,12,15,Posters,,,"http://demo.woothemes.com/woocommerce/wp-content/uploads/sites/56/2013/06/poster_3_up.jpg, http://demo.woothemes.com/woocommerce/wp-content/uploads/sites/56/2013/06/Poster_3_flat.jpg",,,,,T-SHIRT-PREMIUM-QUALITY,,,,,,,,,,,,,,,
simple,POSTER-FLYING-NINJA,Flying Ninja,1,0,visible,"Pellentesque habitant morbi tristique senectus et netus et malesuada fames ac turpis egestas. Vestibulum tortor quam, feugiat vitae, ultricies eget, tempor sit amet, ante. Donec eu libero sit amet quam egestas semper. Aenean ultricies mi vitae est. Mauris placerat eleifend leo.","Pellentesque habitant morbi tristique senectus et netus et malesuada fames ac turpis egestas. Vestibulum tortor quam, feugiat vitae, ultricies eget, tempor sit amet, ante. Donec eu libero sit amet quam egestas semper. Aenean ultricies mi vitae est. Mauris placerat eleifend leo.",,,taxable,1,,0,0,,,,,1,,12,15,Posters,,,"http://demo.woothemes.com/woocommerce/wp-content/uploads/sites/56/2013/06/poster_2_up.jpg, http://demo.woothemes.com/woocommerce/wp-content/uploads/sites/56/2013/06/Poster_2_flat.jpg",,,,,,,,,,,,,,,,,,,,
simple,POSTER-SHIP-YOUR-IDEA,Ship Your Idea,1,0,visible,"Pellentesque habitant morbi tristique senectus et netus et malesuada fames ac turpis egestas. Vestibulum tortor quam, feugiat vitae, ultricies eget, tempor sit amet, ante. Donec eu libero sit amet quam egestas semper. Aenean ultricies mi vitae est. Mauris placerat eleifend leo.","Pellentesque habitant morbi tristique senectus et netus et malesuada fames ac turpis egestas. Vestibulum tortor quam, feugiat vitae, ultricies eget, tempor sit amet, ante. Donec eu libero sit amet quam egestas semper. Aenean ultricies mi vitae est. Mauris placerat eleifend leo.",,,taxable,1,,0,0,,,,,1,,,15,Posters,,,"http://demo.woothemes.com/woocommerce/wp-content/uploads/sites/56/2013/06/poster_1_up.jpg, http://demo.woothemes.com/woocommerce/wp-content/uploads/sites/56/2013/06/Poster_1_flat.jpg",,,,,"T-SHIRT-SHIP-YOUR-IDEA,HOODIE-SHIP-YOUR-IDEA","T-SHIRT-SHIP-YOUR-IDEA,HOODIE-SHIP-YOUR-IDEA",,,,,,,,,,,,,,
simple,HOODIE-WOO-LOGO,Woo Logo,1,0,visible,"Pellentesque habitant morbi tristique senectus et netus et malesuada fames ac turpis egestas. Vestibulum tortor quam, feugiat vitae, ultricies eget, tempor sit amet, ante. Donec eu libero sit amet quam egestas semper. Aenean ultricies mi vitae est. Mauris placerat eleifend leo.","Pellentesque habitant morbi tristique senectus et netus et malesuada fames ac turpis egestas. Vestibulum tortor quam, feugiat vitae, ultricies eget, tempor sit amet, ante. Donec eu libero sit amet quam egestas semper. Aenean ultricies mi vitae est. Mauris placerat eleifend leo.",,,taxable,1,,0,0,,,,,1,,,35,"Clothing, Clothing > Hoodies",,,"http://demo.woothemes.com/woocommerce/wp-content/uploads/sites/56/2013/06/hoodie_6_front.jpg, http://demo.woothemes.com/woocommerce/wp-content/uploads/sites/56/2013/06/hoodie_6_back.jpg",,,,,,T-SHIRT-WOO-LOGO,,,,,,,,,,,,,,
external,HOODIE-NINJA-SILHOUETTE,Ninja Silhouette,1,0,visible,"Pellentesque habitant morbi tristique senectus et netus et malesuada fames ac turpis egestas. Vestibulum tortor quam, feugiat vitae, ultricies eget, tempor sit amet, ante. Donec eu libero sit amet quam egestas semper. Aenean ultricies mi vitae est. Mauris placerat eleifend leo.","Pellentesque habitant morbi tristique senectus et netus et malesuada fames ac turpis egestas. Vestibulum tortor quam, feugiat vitae, ultricies eget, tempor sit amet, ante. Donec eu libero sit amet quam egestas semper. Aenean ultricies mi vitae est. Mauris placerat eleifend leo.",,,taxable,1,,0,0,,,,,0,,,30,"Clothing, Clothing > Hoodies",,,"http://demo.woothemes.com/woocommerce/wp-content/uploads/sites/56/2013/06/hoodie_5_front.jpg, http://demo.woothemes.com/woocommerce/wp-content/uploads/sites/56/2013/06/hoodie_5_back.jpg",,,,,,T-SHIRT-NINJA-SILHOUETTE,https://mercantile.wordpress.org/product/wordpress-logo-black-zip-hoodie/,Buy on WordPress Swag Store,,,,,,,,,,,,
simple,HOODIE-HAPPY-NINJA,Happy Ninja,1,0,visible,"Pellentesque habitant morbi tristique senectus et netus et malesuada fames ac turpis egestas. Vestibulum tortor quam, feugiat vitae, ultricies eget, tempor sit amet, ante. Donec eu libero sit amet quam egestas semper. Aenean ultricies mi vitae est. Mauris placerat eleifend leo.","Pellentesque habitant morbi tristique senectus et netus et malesuada fames ac turpis egestas. Vestibulum tortor quam, feugiat vitae, ultricies eget, tempor sit amet, ante. Donec eu libero sit amet quam egestas semper. Aenean ultricies mi vitae est. Mauris placerat eleifend leo.",,,taxable,1,,0,0,,,,,1,,,35,"Clothing, Clothing > Hoodies",,,"http://demo.woothemes.com/woocommerce/wp-content/uploads/sites/56/2013/06/hoodie_4_front.jpg, http://demo.woothemes.com/woocommerce/wp-content/uploads/sites/56/2013/06/hoodie_4_back.jpg",,,,,,T-SHIRT-HAPPY-NINJA,,,,,,,,,,,,,,
simple,HOODIE-PATIENT-NINJA,Patient Ninja,1,0,visible,"Pellentesque habitant morbi tristique senectus et netus et malesuada fames ac turpis egestas. Vestibulum tortor quam, feugiat vitae, ultricies eget, tempor sit amet, ante. Donec eu libero sit amet quam egestas semper. Aenean ultricies mi vitae est. Mauris placerat eleifend leo.","Pellentesque habitant morbi tristique senectus et netus et malesuada fames ac turpis egestas. Vestibulum tortor quam, feugiat vitae, ultricies eget, tempor sit amet, ante. Donec eu libero sit amet quam egestas semper. Aenean ultricies mi vitae est. Mauris placerat eleifend leo.",,,taxable,1,,0,0,,,,,1,,,35,"Clothing, Clothing > Hoodies",,,"http://demo.woothemes.com/woocommerce/wp-content/uploads/sites/56/2013/06/hoodie_3_front.jpg, http://demo.woothemes.com/woocommerce/wp-content/uploads/sites/56/2013/06/hoodie_3_back.jpg",,,,,,HOODIE-HAPPY-NINJA,,,,,,,,,,,,,,
simple,HOODIE-WOO-NINJA,Woo Ninja,1,0,visible,"Pellentesque habitant morbi tristique senectus et netus et malesuada fames ac turpis egestas. Vestibulum tortor quam, feugiat vitae, ultricies eget, tempor sit amet, ante. Donec eu libero sit amet quam egestas semper. Aenean ultricies mi vitae est. Mauris placerat eleifend leo.","Pellentesque habitant morbi tristique senectus et netus et malesuada fames ac turpis egestas. Vestibulum tortor quam, feugiat vitae, ultricies eget, tempor sit amet, ante. Donec eu libero sit amet quam egestas semper. Aenean ultricies mi vitae est. Mauris placerat eleifend leo.",,,taxable,1,,0,0,,,,,1,,,35,"Clothing, Clothing > Hoodies",,,"http://demo.woothemes.com/woocommerce/wp-content/uploads/sites/56/2013/06/hoodie_2_front.jpg, http://demo.woothemes.com/woocommerce/wp-content/uploads/sites/56/2013/06/hoodie_2_back.jpg",,,,,,T-SHIRT-WOO-NINJA,,,,,,,,,,,,,,
variable,HOODIE-SHIP-YOUR-IDEA,Ship Your Idea,1,0,visible,"Pellentesque habitant morbi tristique senectus et netus et malesuada fames ac turpis egestas. Vestibulum tortor quam, feugiat vitae, ultricies eget, tempor sit amet, ante. Donec eu libero sit amet quam egestas semper. Aenean ultricies mi vitae est. Mauris placerat eleifend leo.","Pellentesque habitant morbi tristique senectus et netus et malesuada fames ac turpis egestas. Vestibulum tortor quam, feugiat vitae, ultricies eget, tempor sit amet, ante. Donec eu libero sit amet quam egestas semper. Aenean ultricies mi vitae est. Mauris placerat eleifend leo.",,,taxable,1,,0,0,,,,,1,,,30,"Clothing, Clothing > Hoodies",,,"http://demo.woothemes.com/woocommerce/wp-content/uploads/sites/56/2013/06/hoodie_7_front.jpg, http://demo.woothemes.com/woocommerce/wp-content/uploads/sites/56/2013/06/hoodie_7_back.jpg, http://demo.woothemes.com/woocommerce/wp-content/uploads/sites/56/2013/06/hoodie_1_back.jpg, http://demo.woothemes.com/woocommerce/wp-content/uploads/sites/56/2013/06/hoodie_1_front.jpg",,,,,,T-SHIRT-SHIP-YOUR-IDEA,,,,,Color,"Black, Blue",0,1,Size,"L, XL",1,0,Black,L
variation,HOODIE-SHIP-YOUR-IDEA-BLUE-XL,"Ship Your Idea - Blue, XL",1,0,visible,,,,,taxable,1,,0,0,,,,,1,,30,35,,,,http://demo.woothemes.com/woocommerce/wp-content/uploads/sites/56/2013/06/hoodie_1_front.jpg,,,HOODIE-SHIP-YOUR-IDEA,,,T-SHIRT-SHIP-YOUR-IDEA,,,,,Color,Blue,,1,Size,XL,,0,,
variation,HOODIE-SHIP-YOUR-IDEA-BLACK-L,"Ship Your Idea - Black, L",1,0,visible,,,,,taxable,1,,0,0,,,,,1,,,35,,,,http://demo.woothemes.com/woocommerce/wp-content/uploads/sites/56/2013/06/hoodie_7_front.jpg,,,HOODIE-SHIP-YOUR-IDEA,,,T-SHIRT-SHIP-YOUR-IDEA,,,,,Color,Black,,1,Size,L,,0,,
simple,T-SHIRT-HAPPY-NINJA,Happy Ninja,1,0,visible,"Pellentesque habitant morbi tristique senectus et netus et malesuada fames ac turpis egestas. Vestibulum tortor quam, feugiat vitae, ultricies eget, tempor sit amet, ante. Donec eu libero sit amet quam egestas semper. Aenean ultricies mi vitae est. Mauris placerat eleifend leo.","Pellentesque habitant morbi tristique senectus et netus et malesuada fames ac turpis egestas. Vestibulum tortor quam, feugiat vitae, ultricies eget, tempor sit amet, ante. Donec eu libero sit amet quam egestas semper. Aenean ultricies mi vitae est. Mauris placerat eleifend leo.",,,taxable,1,,0,0,,,,,1,,,18,"Clothing, Clothing > T-shirts",,,"http://demo.woothemes.com/woocommerce/wp-content/uploads/sites/56/2013/06/T_7_front.jpg, http://demo.woothemes.com/woocommerce/wp-content/uploads/sites/56/2013/06/T_7_back.jpg",,,,,HOODIE-HAPPY-NINJA,"T-SHIRT-WOO-NINJA,T-SHIRT-NINJA-SILHOUETTE",,,,,,,,,,,,,,
simple,T-SHIRT-WOO-NINJA,Woo Ninja,1,0,visible,"Pellentesque habitant morbi tristique senectus et netus et malesuada fames ac turpis egestas. Vestibulum tortor quam, feugiat vitae, ultricies eget, tempor sit amet, ante. Donec eu libero sit amet quam egestas semper. Aenean ultricies mi vitae est. Mauris placerat eleifend leo.","Pellentesque habitant morbi tristique senectus et netus et malesuada fames ac turpis egestas. Vestibulum tortor quam, feugiat vitae, ultricies eget, tempor sit amet, ante. Donec eu libero sit amet quam egestas semper. Aenean ultricies mi vitae est. Mauris placerat eleifend leo.",,,taxable,1,,0,0,,,,,1,,,20,"Clothing, Clothing > T-shirts",,,"http://demo.woothemes.com/woocommerce/wp-content/uploads/sites/56/2013/06/T_6_front.jpg, http://demo.woothemes.com/woocommerce/wp-content/uploads/sites/56/2013/06/T_6_back.jpg",,,,,HOODIE-WOO-NINJA,"T-SHIRT-HAPPY-NINJA,T-SHIRT-NINJA-SILHOUETTE",,,,,,,,,,,,,,
simple,T-SHIRT-NINJA-SILHOUETTE,Ninja Silhouette,1,0,visible,"Pellentesque habitant morbi tristique senectus et netus et malesuada fames ac turpis egestas. Vestibulum tortor quam, feugiat vitae, ultricies eget, tempor sit amet, ante. Donec eu libero sit amet quam egestas semper. Aenean ultricies mi vitae est. Mauris placerat eleifend leo.","Pellentesque habitant morbi tristique senectus et netus et malesuada fames ac turpis egestas. Vestibulum tortor quam, feugiat vitae, ultricies eget, tempor sit amet, ante. Donec eu libero sit amet quam egestas semper. Aenean ultricies mi vitae est. Mauris placerat eleifend leo.",,,taxable,1,,0,0,,,,,1,,,20,"Clothing, Clothing > T-shirts",,,"http://demo.woothemes.com/woocommerce/wp-content/uploads/sites/56/2013/06/T_5_front.jpg, http://demo.woothemes.com/woocommerce/wp-content/uploads/sites/56/2013/06/T_5_back.jpg",,,,,HOODIE-NINJA-SILHOUETTE,"T-SHIRT-WOO-NINJA,T-SHIRT-HAPPY-NINJA",,,,,,,,,,,,,,
variable,T-SHIRT-SHIP-YOUR-IDEA,Ship Your Idea,1,0,visible,"Pellentesque habitant morbi tristique senectus et netus et malesuada fames ac turpis egestas. Vestibulum tortor quam, feugiat vitae, ultricies eget, tempor sit amet, ante. Donec eu libero sit amet quam egestas semper. Aenean ultricies mi vitae est. Mauris placerat eleifend leo.","Pellentesque habitant morbi tristique senectus et netus et malesuada fames ac turpis egestas. Vestibulum tortor quam, feugiat vitae, ultricies eget, tempor sit amet, ante. Donec eu libero sit amet quam egestas semper. Aenean ultricies mi vitae est. Mauris placerat eleifend leo.",,,taxable,1,,0,0,,,,,1,,,20,"Clothing, Clothing > T-shirts",,,"http://demo.woothemes.com/woocommerce/wp-content/uploads/sites/56/2013/06/T_4_front.jpg, http://demo.woothemes.com/woocommerce/wp-content/uploads/sites/56/2013/06/T_3_back.jpg, http://demo.woothemes.com/woocommerce/wp-content/uploads/sites/56/2013/06/T_3_front.jpg, http://demo.woothemes.com/woocommerce/wp-content/uploads/sites/56/2013/06/T_4_back.jpg, http://demo.woothemes.com/woocommerce/wp-content/uploads/sites/56/2013/06/T_4_front1.jpg",,,,,HOODIE-SHIP-YOUR-IDEA,,,,,,Color,"Black, Green",0,1,,,,,,
variation,T-SHIRT-SHIP-YOUR-IDEA-GREEN,Ship Your Idea - Green,1,0,visible,,,,,taxable,1,,0,0,,,,,1,,,20,,,,http://demo.woothemes.com/woocommerce/wp-content/uploads/sites/56/2013/06/T_3_front.jpg,,,T-SHIRT-SHIP-YOUR-IDEA,,,,,,,,Color,Green,,1,,,,,,
variation,T-SHIRT-SHIP-YOUR-IDEA-BLACK,Ship Your Idea - Black,1,0,visible,,,,,taxable,1,,0,0,,,,,1,,,20,,,,http://demo.woothemes.com/woocommerce/wp-content/uploads/sites/56/2013/06/T_4_front1.jpg,,,T-SHIRT-SHIP-YOUR-IDEA,,,,,,,,Color,Black,,1,,,,,,
simple,T-SHIRT-PREMIUM-QUALITY,Premium Quality,1,0,visible,"Pellentesque habitant morbi tristique senectus et netus et malesuada fames ac turpis egestas. Vestibulum tortor quam, feugiat vitae, ultricies eget, tempor sit amet, ante. Donec eu libero sit amet quam egestas semper. Aenean ultricies mi vitae est. Mauris placerat eleifend leo.","Pellentesque habitant morbi tristique senectus et netus et malesuada fames ac turpis egestas. Vestibulum tortor quam, feugiat vitae, ultricies eget, tempor sit amet, ante. Donec eu libero sit amet quam egestas semper. Aenean ultricies mi vitae est. Mauris placerat eleifend leo.",,,taxable,1,,0,0,,,,,1,,,20,"Clothing, Clothing > T-shirts",,,"http://demo.woothemes.com/woocommerce/wp-content/uploads/sites/56/2013/06/T_2_front.jpg, http://demo.woothemes.com/woocommerce/wp-content/uploads/sites/56/2013/06/T_2_back.jpg",,,,,,,,,,,,,,,,,,,,
simple,T-SHIRT-WOO-LOGO,Woo Logo,1,0,visible,"Pellentesque habitant morbi tristique senectus et netus et malesuada fames ac turpis egestas. Vestibulum tortor quam, feugiat vitae, ultricies eget, tempor sit amet, ante. Donec eu libero sit amet quam egestas semper. Aenean ultricies mi vitae est. Mauris placerat eleifend leo.","Pellentesque habitant morbi tristique senectus et netus et malesuada fames ac turpis egestas. Vestibulum tortor quam, feugiat vitae, ultricies eget, tempor sit amet, ante. Donec eu libero sit amet quam egestas semper. Aenean ultricies mi vitae est. Mauris placerat eleifend leo.",,,taxable,1,5,0,0,,,,,1,,18,20,"Clothing, Clothing > T-shirts",,,"http://demo.woothemes.com/woocommerce/wp-content/uploads/sites/56/2013/06/T_1_front.jpg, http://demo.woothemes.com/woocommerce/wp-content/uploads/sites/56/2013/06/T_1_back.jpg",,,,,HOODIE-WOO-LOGO,,,,,,,,,,,,,,,
